CHR	END	sim100	Raw
chr1	1838219	2	1096
chr1	2955412	2	500
chr1	4126006	2	514
chr1	5151267	2	536
chr1	6170743	2	545
chr1	7193531	2	523
chr1	8219030	2	509
chr1	9243821	1	307
chr1	10266954	1	270
chr1	11289990	1	269
chr1	12310183	1	272
chr1	14159092	1	296
chr1	15181512	1	294
chr1	16202316	1	299
chr1	17466672	1	271
chr1	18481381	1	274
chr1	19492085	1	257
chr1	20512426	1	253
chr1	21536259	1	271
chr1	22592935	1	258
chr1	23607670	1	233
chr1	24637851	1	249
chr1	25715278	1	254
chr1	26753515	1	278
chr1	27788744	1	272
chr1	28815047	1	232
chr1	29841570	1	259
chr1	31021008	1	241
chr1	32043014	1	258
chr1	33064669	1	279
chr1	34091838	1	236
chr1	35132832	1	259
chr1	36159085	1	277
chr1	37178574	1	281
chr1	38199894	1	248
chr1	39224199	1	264
chr1	40276664	1	299
chr1	41307853	1	254
chr1	42332874	1	261
chr1	43364278	1	247
chr1	44389355	1	277
chr1	45407250	1	273
chr1	46455150	1	276
chr1	47535735	1	248
chr1	48592176	1	286
chr1	49642129	1	262
chr1	50698588	1	288
chr1	51726868	1	270
chr1	52759771	1	267
chr1	53781756	1	273
chr1	54799675	1	303
chr1	55828323	1	316
chr1	56861232	2	536
chr1	57876994	2	536
chr1	58914907	2	523
chr1	59951704	2	534
chr1	61004774	2	537
chr1	62028341	2	536
chr1	63054282	2	514
chr1	64085646	2	541
chr1	65112775	2	580
chr1	66156360	2	524
chr1	67193090	2	556
chr1	68229151	2	510
chr1	69258007	2	544
chr1	70301004	2	610
chr1	71346000	4	1100
chr1	72382510	4	1070
chr1	73404572	4	1073
chr1	74430786	4	1062
chr1	75475829	4	1081
chr1	76531960	4	785
chr1	77565533	2	523
chr1	78592781	2	577
chr1	79631492	2	548
chr1	80674840	2	513
chr1	81713706	2	532
chr1	82743030	2	564
chr1	83963739	2	520
chr1	84992457	2	503
chr1	86011133	2	714
chr1	87068467	2	772
chr1	88108293	2	546
chr1	89126368	2	532
chr1	90175174	2	515
chr1	91215198	2	571
chr1	92262771	2	502
chr1	93304359	2	477
chr1	94346288	1	272
chr1	95378984	1	294
chr1	96401446	1	262
chr1	97450981	1	264
chr1	98478170	1	258
chr1	99507132	1	244
chr1	100544049	1	294
chr1	101577321	1	259
chr1	102598914	1	306
chr1	103650131	1	269
chr1	105049744	1	247
chr1	106094744	1	261
chr1	107132294	1	249
chr1	108151647	1	270
chr1	109385442	1	278
chr1	110427654	1	270
chr1	111444094	1	277
chr1	112475794	2	510
chr1	113520629	2	536
chr1	114566650	2	539
chr1	115601812	2	543
chr1	116630892	2	539
chr1	117676791	2	543
chr1	118713450	2	542
chr1	119780008	2	1037
chr1	146163500	2	533
chr1	147831367	2	552
chr1	150467735	2	570
chr1	151497702	2	514
chr1	152557186	2	545
chr1	153611159	2	559
chr1	154637619	2	545
chr1	155693574	2	551
chr1	156725835	2	530
chr1	157761078	2	513
chr1	158809904	2	549
chr1	159877995	2	519
chr1	160912574	2	552
chr1	162068142	2	506
chr1	163116964	2	382
chr1	164156355	2	269
chr1	165189976	2	479
chr1	166230380	2	535
chr1	167267340	2	526
chr1	168286416	2	558
chr1	169332276	2	537
chr1	170373693	2	674
chr1	171409444	2	805
chr1	172454038	2	631
chr1	173496569	2	546
chr1	174546587	2	600
chr1	175598736	2	851
chr1	176639532	2	497
chr1	177674855	2	565
chr1	178707793	2	525
chr1	179751915	2	541
chr1	180783321	2	593
chr1	181811724	2	544
chr1	182834789	2	536
chr1	183864148	2	649
chr1	184894726	2	493
chr1	185945333	2	545
chr1	186978511	2	535
chr1	188024092	2	577
chr1	189049882	2	550
chr1	190084201	2	523
chr1	191110167	2	534
chr1	192133242	2	552
chr1	193165353	2	621
chr1	194199259	3	843
chr1	195228780	3	823
chr1	196262120	3	841
chr1	197348168	3	768
chr1	198392364	3	798
chr1	199409392	3	796
chr1	200440964	3	796
chr1	201464151	3	812
chr1	202527183	3	784
chr1	203557234	3	807
chr1	204577071	3	797
chr1	205594776	3	815
chr1	207096400	3	860
chr1	208178277	3	807
chr1	209198031	3	819
chr1	210226253	3	798
chr1	211267376	3	789
chr1	212296426	3	727
chr1	213336502	3	828
chr1	214361526	3	771
chr1	215384284	3	744
chr1	216416371	3	855
chr1	217431882	3	731
chr1	218460053	3	842
chr1	219482536	3	805
chr1	220539233	3	825
chr1	221564790	3	779
chr1	222593283	3	779
chr1	223680667	3	835
chr1	224883376	3	815
chr1	225925914	3	854
chr1	226950315	3	798
chr1	227992173	3	793
chr1	229071640	3	800
chr1	230094946	3	803
chr1	231114192	3	833
chr1	232143372	3	805
chr1	233169386	3	810
chr1	234195081	3	806
chr1	235288168	3	804
chr1	236313777	3	777
chr1	237349171	3	816
chr1	238373937	3	757
chr1	239392159	3	812
chr1	240417216	3	818
chr1	241436609	3	870
chr1	242496065	2	606
chr1	243722048	2	511
chr1	244752401	2	565
chr1	245773906	2	530
chr1	246817227	2	550
chr1	247872779	2	532
chr1	249250621	2	525
chr2	1047047	2	503
chr2	2102592	2	529
chr2	3128518	2	514
chr2	4218643	2	537
chr2	5351322	2	534
chr2	6379665	2	527
chr2	7392695	2	542
chr2	8413665	2	513
chr2	9433238	2	564
chr2	10452660	2	513
chr2	11476813	2	566
chr2	12496986	2	543
chr2	13525753	2	550
chr2	14572569	2	567
chr2	15608330	2	536
chr2	16679029	2	514
chr2	17707055	2	586
chr2	18736315	2	1059
chr2	19808816	2	981
chr2	20826080	2	537
chr2	21884975	2	552
chr2	22908081	2	518
chr2	23933481	2	547
chr2	24963699	2	508
chr2	25986549	2	552
chr2	27003037	2	521
chr2	28025934	2	514
chr2	29041923	2	491
chr2	30060566	2	532
chr2	31086182	2	521
chr2	32127082	2	550
chr2	33155270	2	518
chr2	34183897	2	529
chr2	35219554	2	540
chr2	36263143	2	563
chr2	37299375	2	530
chr2	38332469	2	461
chr2	39354553	2	535
chr2	40384029	2	507
chr2	41408846	2	546
chr2	42436691	2	568
chr2	43458107	2	503
chr2	44484562	2	513
chr2	45515321	2	549
chr2	46528093	2	548
chr2	47545865	2	549
chr2	48569079	2	555
chr2	49610762	2	551
chr2	50627974	2	567
chr2	51646259	2	536
chr2	52680389	2	517
chr2	53708623	2	537
chr2	54729559	2	559
chr2	55747856	2	556
chr2	56796656	2	530
chr2	57859413	2	556
chr2	58891646	2	552
chr2	59920490	2	644
chr2	60955353	2	835
chr2	61973460	2	667
chr2	63008088	2	574
chr2	64046135	2	512
chr2	65066050	2	527
chr2	66085401	2	563
chr2	67147412	2	565
chr2	68178249	2	546
chr2	69210019	2	538
chr2	70224431	2	540
chr2	71254226	2	494
chr2	72304133	2	478
chr2	73333086	2	545
chr2	74408081	2	540
chr2	75430049	2	487
chr2	76462419	2	522
chr2	77526314	2	536
chr2	78577464	2	544
chr2	79614361	2	536
chr2	80638100	2	538
chr2	81659501	2	568
chr2	82682538	2	509
chr2	83709032	2	515
chr2	84753312	2	514
chr2	85779908	2	546
chr2	86796909	2	540
chr2	88865477	4	1070
chr2	96782944	4	701
chr2	98161455	4	1082
chr2	99241205	4	1061
chr2	100272766	4	1107
chr2	101309130	4	1012
chr2	102328482	4	1063
chr2	103349149	4	1112
chr2	104373073	4	1012
chr2	105383552	4	1038
chr2	106403690	4	1095
chr2	107541604	4	1120
chr2	108638831	4	1060
chr2	109727599	4	1105
chr2	111630363	4	1110
chr2	113034519	4	1100
chr2	114164525	4	1074
chr2	115393594	4	1077
chr2	116422360	4	1058
chr2	117455242	4	1063
chr2	118503554	4	1066
chr2	119550916	4	1078
chr2	120577145	4	1115
chr2	121598142	4	1089
chr2	122611632	4	1181
chr2	123647078	4	1125
chr2	124673440	4	1035
chr2	125707935	4	1038
chr2	126734195	4	1137
chr2	127760623	4	1053
chr2	128777011	4	1010
chr2	129810637	4	1031
chr2	130956015	4	1123
chr2	132485946	4	1070
chr2	133746542	4	1102
chr2	134783009	4	1047
chr2	135823939	4	1111
chr2	136860339	4	1049
chr2	137883697	4	1010
chr2	138923062	4	1093
chr2	139944731	4	1074
chr2	140968865	4	1109
chr2	141986373	4	1060
chr2	142998533	4	1043
chr2	144029214	4	1048
chr2	145057055	4	1076
chr2	146071737	4	1081
chr2	147087147	4	1111
chr2	148110698	4	1074
chr2	149155133	4	1023
chr2	150279057	4	1041
chr2	151324900	4	1070
chr2	152336449	4	1112
chr2	153388825	4	1048
chr2	154423970	4	1074
chr2	155454793	4	1098
chr2	156487875	4	1071
chr2	157518933	4	1091
chr2	158570018	4	1086
chr2	159607337	4	1030
chr2	160640247	4	1091
chr2	161680990	4	983
chr2	162723216	4	1052
chr2	163742341	4	1075
chr2	164757249	4	1258
chr2	165777891	4	1336
chr2	166811886	4	1276
chr2	167851277	4	1037
chr2	168894944	4	1025
chr2	169912060	4	1108
chr2	170956694	4	1063
chr2	171976711	4	1048
chr2	173001390	4	1034
chr2	174031557	4	1015
chr2	175053910	4	1112
chr2	176081026	4	1056
chr2	177126486	4	1104
chr2	178145257	4	1061
chr2	179178417	4	1084
chr2	180224282	4	1144
chr2	181248603	4	1046
chr2	182277524	4	1077
chr2	183310936	5	1371
chr2	184348481	5	1157
chr2	185388251	5	1590
chr2	186410862	5	1606
chr2	187462741	5	1180
chr2	188484206	4	1029
chr2	189505423	4	1037
chr2	190533103	4	1070
chr2	191558874	4	1083
chr2	192580583	4	1093
chr2	193611893	4	1036
chr2	194653979	4	1109
chr2	195691852	4	1055
chr2	196744297	2	721
chr2	197777205	2	519
chr2	198824834	2	539
chr2	199844954	2	519
chr2	200867865	2	520
chr2	201890431	2	520
chr2	202930701	2	569
chr2	203957777	2	800
chr2	204976034	2	801
chr2	205999006	2	805
chr2	207014624	2	715
chr2	208055304	2	538
chr2	209072161	2	516
chr2	210144788	2	540
chr2	211169950	2	559
chr2	212205141	2	542
chr2	213225646	2	519
chr2	214251169	2	553
chr2	215280542	2	532
chr2	216314905	2	542
chr2	217338949	2	544
chr2	218348339	2	494
chr2	219368237	2	548
chr2	220383183	2	542
chr2	221405101	2	518
chr2	222416396	2	564
chr2	223439243	2	394
chr2	224467324	2	266
chr2	225482508	2	518
chr2	226505520	2	511
chr2	227526228	2	548
chr2	228546599	2	538
chr2	229593226	2	539
chr2	230617459	2	556
chr2	231647281	2	518
chr2	232665401	2	535
chr2	233722633	2	538
chr2	234802718	2	533
chr2	235830765	2	545
chr2	236841399	2	483
chr2	237861396	2	556
chr2	238880737	2	513
chr2	239928206	2	516
chr2	240971111	2	548
chr2	242015018	2	552
chr2	243199373	2	534
chr3	1117361	2	544
chr3	2158602	2	529
chr3	3186869	2	525
chr3	4236110	2	545
chr3	5272457	2	549
chr3	6315029	2	583
chr3	7362154	2	527
chr3	8389092	2	522
chr3	9427095	2	498
chr3	10462110	2	539
chr3	11483178	2	527
chr3	12521202	2	571
chr3	13544498	2	554
chr3	14576711	2	525
chr3	15621677	2	500
chr3	16645955	2	559
chr3	17686296	2	534
chr3	18723342	2	543
chr3	19790275	2	505
chr3	20829589	2	544
chr3	21871557	2	517
chr3	22928808	2	575
chr3	23967192	2	551
chr3	25003059	2	544
chr3	26026061	2	561
chr3	27101104	2	539
chr3	28135099	2	585
chr3	29175579	2	536
chr3	30205158	2	518
chr3	31229714	2	522
chr3	32249642	2	563
chr3	33277936	2	543
chr3	34320494	2	518
chr3	35368528	2	534
chr3	36415461	2	549
chr3	37443147	2	512
chr3	38486374	2	548
chr3	39519196	2	572
chr3	40583602	2	522
chr3	41625715	2	543
chr3	42672707	2	533
chr3	43714581	2	515
chr3	44747066	2	588
chr3	45771132	2	510
chr3	46799848	2	526
chr3	47836785	2	544
chr3	48866582	2	353
chr3	49901338	2	518
chr3	50932090	2	567
chr3	51994958	2	513
chr3	53011752	2	524
chr3	54045695	2	561
chr3	55087418	2	487
chr3	56118837	2	530
chr3	57151287	2	552
chr3	58185109	2	561
chr3	59244845	2	576
chr3	60270947	2	555
chr3	61311596	2	542
chr3	62334118	2	527
chr3	63373737	2	523
chr3	64402014	2	553
chr3	65433586	2	517
chr3	66558506	2	544
chr3	67600847	2	518
chr3	68627640	2	512
chr3	69662622	2	562
chr3	70696016	2	596
chr3	71721873	2	538
chr3	72736695	2	557
chr3	73766451	2	541
chr3	74804056	2	459
chr3	75959034	2	549
chr3	76994958	2	491
chr3	78023788	2	550
chr3	79062573	2	557
chr3	80090709	2	515
chr3	81133019	2	529
chr3	82162240	2	517
chr3	83201822	2	550
chr3	84228230	2	522
chr3	85263563	2	541
chr3	86297161	2	515
chr3	87321824	2	558
chr3	88361855	2	482
chr3	89408847	3	1125
chr3	94548574	3	771
chr3	95592544	3	793
chr3	96613912	3	800
chr3	97651372	3	828
chr3	98687447	3	806
chr3	99730252	3	802
chr3	100762316	3	801
chr3	101810418	3	799
chr3	102830333	3	829
chr3	103864797	3	805
chr3	104875173	3	704
chr3	105899153	3	509
chr3	106929807	1	302
chr3	107951184	1	264
chr3	108990533	1	272
chr3	110032258	1	242
chr3	111063562	1	272
chr3	112103150	1	250
chr3	113143202	1	290
chr3	114165832	1	252
chr3	115184739	1	236
chr3	116218080	1	273
chr3	117239293	1	268
chr3	118256816	1	278
chr3	119300216	1	244
chr3	120326827	1	307
chr3	121391043	1	263
chr3	122428701	1	395
chr3	123447087	3	787
chr3	124475808	3	841
chr3	125530325	4	974
chr3	126614693	4	1097
chr3	127625802	4	1060
chr3	128638164	4	1038
chr3	129672195	4	1040
chr3	130785116	4	1047
chr3	131826035	4	1023
chr3	132883927	4	1031
chr3	133923176	4	1012
chr3	134943390	4	1035
chr3	135997581	4	1093
chr3	137045981	4	1103
chr3	138094414	4	1065
chr3	139132018	4	1116
chr3	140154153	4	1123
chr3	141184020	4	1114
chr3	142217785	4	1045
chr3	143235874	3	863
chr3	144255555	3	768
chr3	145282963	3	806
chr3	146318164	1	315
chr3	147343141	1	252
chr3	148376197	1	269
chr3	149393448	1	254
chr3	150412069	1	260
chr3	151440471	1	258
chr3	152459181	1	282
chr3	153494807	1	275
chr3	154532241	1	268
chr3	155579462	1	305
chr3	156605092	2	541
chr3	157638565	2	536
chr3	158687019	2	549
chr3	159735234	2	513
chr3	160760014	2	546
chr3	161780879	2	529
chr3	162808972	2	519
chr3	163852942	2	527
chr3	164877183	2	550
chr3	165915998	2	534
chr3	166949097	2	516
chr3	167975386	2	623
chr3	168996287	3	850
chr3	170018988	3	794
chr3	171057764	3	794
chr3	172078938	3	765
chr3	173094884	3	810
chr3	174114029	3	846
chr3	175144283	3	776
chr3	176178932	2	558
chr3	177208671	2	502
chr3	178225238	2	504
chr3	179269950	2	583
chr3	180302538	2	533
chr3	181325510	2	572
chr3	182342075	2	528
chr3	183364779	3	753
chr3	184379470	3	788
chr3	185405328	3	786
chr3	186420888	3	744
chr3	187455458	2	505
chr3	188479747	2	512
chr3	189504062	2	544
chr3	190518910	2	519
chr3	191545411	2	507
chr3	192569668	2	561
chr3	193594520	2	533
chr3	194611679	2	564
chr3	195765182	2	524
chr3	196794668	2	541
chr3	198022430	2	551
chr4	1074365	2	544
chr4	2166056	2	548
chr4	3194156	2	533
chr4	4346356	2	524
chr4	5381721	2	494
chr4	6427646	2	553
chr4	7455454	2	553
chr4	8475212	2	555
chr4	9896553	2	535
chr4	10926613	3	870
chr4	11991927	3	1068
chr4	13040942	3	1103
chr4	14080157	3	746
chr4	15129911	3	553
chr4	16167636	3	559
chr4	17208994	3	553
chr4	18243548	3	508
chr4	19280764	3	762
chr4	20319068	3	820
chr4	21362829	3	781
chr4	22404481	3	774
chr4	23431656	3	831
chr4	24465510	3	762
chr4	25493094	3	826
chr4	26514833	3	764
chr4	27568479	3	850
chr4	28590173	3	825
chr4	29612651	3	749
chr4	30635836	3	804
chr4	31654567	3	785
chr4	32695840	3	808
chr4	33722702	3	781
chr4	34750177	3	797
chr4	35777498	3	848
chr4	36802272	3	859
chr4	37839703	3	811
chr4	38875717	3	838
chr4	39906634	3	834
chr4	40935501	3	815
chr4	41965150	3	790
chr4	42993099	3	794
chr4	44039460	3	752
chr4	45082568	3	525
chr4	46119488	3	529
chr4	47158764	3	533
chr4	48196011	3	1098
chr4	53746246	3	533
chr4	54821135	3	539
chr4	55850822	3	751
chr4	56888793	3	818
chr4	57917486	3	756
chr4	58976004	2	568
chr4	60062394	2	553
chr4	61099833	2	555
chr4	62135142	2	540
chr4	63169742	2	543
chr4	64215113	2	568
chr4	65245711	2	543
chr4	66293857	2	554
chr4	67327423	2	536
chr4	68368068	2	522
chr4	69409787	2	537
chr4	70512879	2	555
chr4	71560216	2	520
chr4	72604147	2	526
chr4	73654154	2	509
chr4	74685033	2	556
chr4	75816035	2	516
chr4	76869135	2	532
chr4	77888316	2	520
chr4	78921530	2	522
chr4	79970764	2	548
chr4	81013158	2	520
chr4	82040692	2	497
chr4	83078271	2	697
chr4	84109027	2	499
chr4	85140279	2	517
chr4	86170845	2	505
chr4	87217509	2	533
chr4	88248045	2	500
chr4	89290150	2	572
chr4	90318848	2	548
chr4	91347660	2	552
chr4	92394771	2	533
chr4	93442037	2	545
chr4	94460933	3	919
chr4	95520166	3	1271
chr4	96551126	3	1331
chr4	97585540	3	1361
chr4	98627896	3	787
chr4	99677221	3	806
chr4	100719410	3	821
chr4	101744241	3	797
chr4	102770487	3	776
chr4	103805765	3	831
chr4	104888599	3	855
chr4	105929454	3	776
chr4	106965873	3	804
chr4	108022444	3	781
chr4	109048389	3	953
chr4	110071334	5	1373
chr4	111101989	5	1336
chr4	112151430	5	1307
chr4	113203185	5	1386
chr4	114228670	5	1300
chr4	115259687	5	1327
chr4	116277398	5	1358
chr4	117298597	5	1283
chr4	118328500	5	1275
chr4	119405398	3	875
chr4	120621611	3	786
chr4	121658702	3	854
chr4	122683702	3	823
chr4	123717215	3	800
chr4	124753352	3	760
chr4	125784499	3	739
chr4	126804678	3	817
chr4	127831458	3	865
chr4	128894374	3	851
chr4	129923700	3	776
chr4	130966860	3	798
chr4	131984885	3	756
chr4	133160657	3	766
chr4	134188998	3	852
chr4	135213703	3	782
chr4	136250282	3	823
chr4	137272435	3	823
chr4	138280460	3	776
chr4	139305601	3	761
chr4	140334404	3	813
chr4	141359342	3	822
chr4	142400513	3	777
chr4	143434137	3	796
chr4	144473030	3	809
chr4	145634037	3	776
chr4	146684497	3	783
chr4	147726773	3	794
chr4	148756298	2	548
chr4	149782951	2	494
chr4	150821420	2	529
chr4	151846663	2	516
chr4	152871753	2	556
chr4	153888491	2	494
chr4	154902897	2	527
chr4	155923978	2	549
chr4	156942454	2	578
chr4	157967052	2	543
chr4	158997056	2	535
chr4	160044514	2	568
chr4	161086379	2	525
chr4	162121646	2	531
chr4	163140213	4	893
chr4	164165832	4	1039
chr4	165213013	4	1066
chr4	166289082	4	1139
chr4	167308509	4	1035
chr4	168371013	4	1078
chr4	169399460	4	1098
chr4	170413807	4	1061
chr4	171473974	4	1099
chr4	172495332	4	1063
chr4	173514226	4	1076
chr4	174530566	4	1013
chr4	175554507	2	541
chr4	176586687	2	506
chr4	177599037	2	529
chr4	178616770	2	524
chr4	179643923	2	591
chr4	180671637	2	533
chr4	181684335	2	533
chr4	182711997	2	580
chr4	183733231	2	515
chr4	184761970	2	514
chr4	185782688	2	522
chr4	186797547	2	581
chr4	187832809	2	533
chr4	188871081	2	505
chr4	189906346	2	446
chr4	191154276	2	520
chr5	1176417	2	540
chr5	2232645	2	509
chr5	3249100	2	546
chr5	4276122	2	532
chr5	5308885	2	547
chr5	6328138	2	569
chr5	7390435	2	527
chr5	8425297	2	743
chr5	9459981	2	962
chr5	10490141	2	529
chr5	11510051	2	541
chr5	12536989	2	584
chr5	13563858	2	523
chr5	14584096	2	520
chr5	15622192	2	530
chr5	16663033	2	544
chr5	17781896	2	525
chr5	18817069	2	550
chr5	19847803	2	520
chr5	21010119	2	539
chr5	22242383	2	519
chr5	23267224	2	506
chr5	24292028	2	557
chr5	25329995	2	561
chr5	26362431	2	553
chr5	27390273	2	539
chr5	28421298	2	556
chr5	29474134	2	514
chr5	30516024	2	557
chr5	31542216	2	557
chr5	32569528	2	527
chr5	33625206	2	548
chr5	34854643	2	525
chr5	35899533	2	558
chr5	36934706	2	517
chr5	37987898	2	528
chr5	39015413	2	554
chr5	40056168	2	548
chr5	41100698	2	430
chr5	42153039	2	261
chr5	43211147	2	500
chr5	44285803	2	531
chr5	45327741	2	1104
chr5	50525829	2	544
chr5	51584495	2	554
chr5	52629615	2	530
chr5	53666122	2	547
chr5	54701728	2	561
chr5	55738284	2	515
chr5	56765704	2	540
chr5	57815025	2	547
chr5	58854069	2	517
chr5	59895504	2	484
chr5	60937307	2	522
chr5	61981760	2	521
chr5	63046432	2	575
chr5	64097510	2	536
chr5	65130553	2	532
chr5	66174173	2	534
chr5	67230661	2	539
chr5	68259386	2	558
chr5	71088042	2	531
chr5	72115571	2	517
chr5	73136048	2	560
chr5	74161557	2	564
chr5	75223262	2	528
chr5	76265255	2	535
chr5	77300307	2	554
chr5	78355555	2	526
chr5	79392188	2	503
chr5	80433454	2	565
chr5	81479861	2	569
chr5	82523996	2	559
chr5	83563579	2	528
chr5	84586653	2	530
chr5	85642856	2	594
chr5	86680646	2	480
chr5	87722427	2	547
chr5	88751472	2	526
chr5	89795010	2	482
chr5	90834332	2	542
chr5	91923438	2	518
chr5	92963367	2	558
chr5	93993123	2	560
chr5	95018840	2	543
chr5	96050922	2	937
chr5	97093660	4	1092
chr5	98151529	4	1074
chr5	99286132	4	1054
chr5	100414974	4	1152
chr5	101464107	4	1054
chr5	102518114	4	1092
chr5	103546170	4	1155
chr5	104585665	4	1330
chr5	105608771	4	1294
chr5	106654923	4	1331
chr5	107666236	4	1365
chr5	108709359	7	1754
chr5	109747005	7	1813
chr5	110803828	7	1826
chr5	111846649	7	1931
chr5	112870994	7	1815
chr5	113907245	7	1803
chr5	114952587	7	1896
chr5	115985389	7	1940
chr5	117019248	7	1845
chr5	118055565	7	1884
chr5	119094898	7	1923
chr5	120147236	7	1845
chr5	121190116	7	1868
chr5	122242587	7	1882
chr5	123277182	7	1880
chr5	124302462	7	1967
chr5	125337247	7	1908
chr5	126381565	7	1858
chr5	127424376	7	1844
chr5	128456935	7	1985
chr5	129497914	7	1795
chr5	130564997	7	1881
chr5	131606344	7	1592
chr5	132642485	5	1368
chr5	133663290	5	1310
chr5	134688165	5	1350
chr5	135707457	5	1218
chr5	136750104	5	1415
chr5	137788201	5	1177
chr5	138872421	3	819
chr5	139894590	3	775
chr5	140941049	3	772
chr5	141962909	3	791
chr5	142978990	3	776
chr5	144019341	3	808
chr5	145072604	3	779
chr5	146100297	3	818
chr5	147130720	3	749
chr5	148186108	3	791
chr5	149210847	3	848
chr5	150230354	3	821
chr5	151253788	3	823
chr5	152326233	3	839
chr5	153375566	3	785
chr5	154395545	3	817
chr5	155483794	3	823
chr5	156529427	3	761
chr5	157554517	3	828
chr5	158580271	3	826
chr5	159601817	3	819
chr5	160643527	3	831
chr5	161674146	3	847
chr5	162728836	3	785
chr5	163754521	3	846
chr5	164777068	3	791
chr5	165803722	3	801
chr5	166829575	2	604
chr5	167848226	2	554
chr5	168870480	2	513
chr5	169898143	2	510
chr5	170937343	2	527
chr5	171954503	2	529
chr5	172976828	2	538
chr5	173999185	2	526
chr5	175023972	2	562
chr5	176278073	2	501
chr5	177577451	2	536
chr5	178611885	2	565
chr5	179661154	2	400
chr5	180915260	2	545
chr6	1176199	2	506
chr6	2211032	2	530
chr6	3253250	2	497
chr6	4280636	2	516
chr6	5311489	2	521
chr6	6367051	2	557
chr6	7393680	2	580
chr6	8420125	2	534
chr6	9454387	2	563
chr6	10494841	2	553
chr6	11522899	2	514
chr6	12545318	2	542
chr6	13572630	2	606
chr6	14599686	3	812
chr6	15619934	3	828
chr6	16652136	3	822
chr6	17679693	3	784
chr6	18707258	3	788
chr6	19756353	3	787
chr6	20787396	3	805
chr6	21815165	3	777
chr6	22848427	3	819
chr6	23895039	3	718
chr6	24930926	3	797
chr6	25954075	3	807
chr6	27190955	3	818
chr6	28224411	3	802
chr6	29272332	3	817
chr6	30312987	3	840
chr6	31351807	3	778
chr6	32459832	3	871
chr6	33492215	3	771
chr6	34518910	2	529
chr6	35549315	2	527
chr6	36572447	2	531
chr6	37595665	2	582
chr6	38617437	3	784
chr6	39648593	3	821
chr6	40669857	3	822
chr6	41693740	3	820
chr6	42719851	3	805
chr6	43748689	3	790
chr6	44780717	3	743
chr6	45835886	2	578
chr6	46869787	2	517
chr6	47902615	2	520
chr6	48943419	2	545
chr6	49987591	2	538
chr6	51028453	2	506
chr6	52081309	2	525
chr6	53127067	2	514
chr6	54158041	2	527
chr6	55202944	2	542
chr6	56245004	2	533
chr6	57292041	2	1014
chr6	63004879	2	581
chr6	64046553	2	551
chr6	65087158	2	532
chr6	66135992	2	559
chr6	67170238	2	501
chr6	68206356	2	517
chr6	69234562	2	558
chr6	70277733	2	530
chr6	71304918	2	498
chr6	72353231	2	544
chr6	73394569	2	508
chr6	74430622	2	272
chr6	75504458	2	376
chr6	76535985	2	551
chr6	77580768	2	486
chr6	78657194	2	533
chr6	79706619	2	507
chr6	80736991	2	529
chr6	81800371	2	542
chr6	82855063	2	547
chr6	83899181	2	578
chr6	84946243	2	554
chr6	85991027	2	1055
chr6	87071412	2	1069
chr6	88144305	2	534
chr6	89179382	2	544
chr6	90208361	2	531
chr6	91225203	2	538
chr6	92250049	2	565
chr6	93267415	2	548
chr6	94292977	2	475
chr6	95325289	2	527
chr6	96532473	2	538
chr6	97554081	1	281
chr6	98582186	1	285
chr6	99615026	1	250
chr6	100668436	1	268
chr6	101705590	1	288
chr6	102735137	1	282
chr6	103766522	1	254
chr6	104803448	1	282
chr6	105847922	1	251
chr6	106871209	1	252
chr6	107895138	1	281
chr6	108927811	1	237
chr6	109965358	1	283
chr6	111002858	1	268
chr6	112024493	1	299
chr6	113057950	2	546
chr6	114093663	2	516
chr6	115115736	2	515
chr6	116174756	2	532
chr6	117215647	2	540
chr6	118263148	2	572
chr6	119288638	2	513
chr6	120305232	2	504
chr6	121357945	2	467
chr6	122393718	1	287
chr6	123428249	1	275
chr6	124448325	1	239
chr6	125492447	1	278
chr6	126519839	1	258
chr6	127561146	1	270
chr6	128585046	1	245
chr6	129625174	1	238
chr6	130640518	1	275
chr6	131677559	1	226
chr6	132713963	1	274
chr6	133739531	1	300
chr6	134763391	1	306
chr6	135777332	1	274
chr6	136808784	1	250
chr6	137823585	1	259
chr6	138842908	1	341
chr6	139867636	2	523
chr6	140885360	2	499
chr6	141911211	2	536
chr6	142958004	2	551
chr6	143973965	2	508
chr6	144990679	2	541
chr6	146018270	2	481
chr6	147050138	2	543
chr6	148063470	2	533
chr6	149090615	2	514
chr6	150104773	2	496
chr6	151135682	2	553
chr6	152154772	2	531
chr6	153180808	2	574
chr6	154202846	2	558
chr6	155218902	2	529
chr6	156231714	2	548
chr6	157266337	2	557
chr6	158380564	2	516
chr6	159405210	2	525
chr6	160430488	2	565
chr6	161507859	2	515
chr6	162523545	2	577
chr6	163545080	2	528
chr6	164554933	2	525
chr6	165593659	2	533
chr6	166614340	2	513
chr6	167665862	2	533
chr6	168812962	2	525
chr6	169850944	2	576
chr6	171115067	2	544
chr7	1137763	2	502
chr7	2171997	2	529
chr7	3207949	2	558
chr7	4226939	2	548
chr7	5283223	2	584
chr7	6401863	2	545
chr7	7564798	2	512
chr7	8592617	2	489
chr7	9629490	2	533
chr7	10668194	2	528
chr7	11691919	2	544
chr7	12720813	2	523
chr7	13747729	2	528
chr7	14794719	2	571
chr7	15812830	2	525
chr7	16844181	2	526
chr7	17871487	2	535
chr7	18887148	3	696
chr7	19938855	3	814
chr7	20971324	3	796
chr7	21992314	3	821
chr7	23039426	3	840
chr7	24090591	3	761
chr7	25126564	3	828
chr7	26156734	3	794
chr7	27186766	3	790
chr7	28213797	3	641
chr7	29227930	2	592
chr7	30284514	2	496
chr7	31319213	2	546
chr7	32363338	2	530
chr7	33485180	2	531
chr7	34525770	2	549
chr7	35672117	2	530
chr7	36726068	2	542
chr7	37759739	2	555
chr7	38795832	2	549
chr7	39830061	2	506
chr7	40877028	2	385
chr7	41891337	2	406
chr7	42915977	2	536
chr7	43944011	2	522
chr7	45011075	2	548
chr7	46106030	2	574
chr7	47125851	2	526
chr7	48146494	2	534
chr7	49199932	2	531
chr7	50229460	2	517
chr7	51294575	2	514
chr7	52354264	2	559
chr7	53384001	2	555
chr7	54434297	2	557
chr7	55460314	2	544
chr7	56606482	2	1058
chr7	62983266	2	541
chr7	64262514	2	533
chr7	65639066	2	572
chr7	66807754	2	510
chr7	67821348	2	547
chr7	68835388	2	503
chr7	69851956	2	545
chr7	70865470	2	558
chr7	71883485	2	520
chr7	73330266	2	535
chr7	75233624	2	556
chr7	76562104	2	540
chr7	77743068	2	525
chr7	78771453	3	837
chr7	79798405	3	857
chr7	80821044	3	789
chr7	81838321	3	783
chr7	82865305	3	834
chr7	83910780	3	774
chr7	84941619	3	811
chr7	85976210	3	774
chr7	87020934	3	856
chr7	88058965	3	816
chr7	89098796	3	806
chr7	90166885	3	771
chr7	91227219	3	820
chr7	92267311	3	810
chr7	93308796	3	791
chr7	94330994	3	768
chr7	95359492	3	746
chr7	96394973	3	802
chr7	97452009	3	737
chr7	98519076	3	810
chr7	99553995	3	794
chr7	100683210	3	832
chr7	101740238	3	823
chr7	103123510	4	939
chr7	104166756	4	1084
chr7	105212587	4	1031
chr7	106242565	4	1035
chr7	107273354	4	1074
chr7	108299262	4	1113
chr7	109337050	4	1019
chr7	110390989	4	1010
chr7	111429586	4	1045
chr7	112455673	4	1051
chr7	113524510	4	1052
chr7	114543766	4	1046
chr7	115571251	4	1106
chr7	116606748	4	1096
chr7	117625850	4	1122
chr7	118646949	4	1076
chr7	119685413	4	1034
chr7	120705520	4	1114
chr7	121734110	4	1069
chr7	122773739	4	1126
chr7	123812355	4	1072
chr7	124843635	4	980
chr7	125869628	4	1070
chr7	126911443	4	1082
chr7	127931884	4	1102
chr7	129023794	4	1064
chr7	130042466	4	1095
chr7	131167032	4	1034
chr7	132182142	4	1080
chr7	133205303	4	1138
chr7	134225177	4	1064
chr7	135245371	4	1058
chr7	136270598	6	1133
chr7	137317181	6	1559
chr7	138339996	6	1662
chr7	139365357	6	1525
chr7	140418306	6	1216
chr7	141448912	3	743
chr7	142591027	3	801
chr7	144111713	3	851
chr7	145146417	3	801
chr7	146189353	3	764
chr7	147221457	3	860
chr7	148254324	3	800
chr7	149283588	3	848
chr7	150551039	3	758
chr7	151561953	3	825
chr7	152664578	3	808
chr7	153871675	3	970
chr7	154988477	3	940
chr7	156007292	3	762
chr7	157034448	2	565
chr7	158077639	2	544
chr7	159138663	2	544
chr8	1248338	2	513
chr8	2336310	2	548
chr8	3366229	2	569
chr8	4379486	2	757
chr8	5400990	2	833
chr8	6425795	2	646
chr8	8475673	2	517
chr8	9495429	2	504
chr8	10519491	2	591
chr8	11539250	2	519
chr8	13073615	2	506
chr8	14092457	2	529
chr8	15118232	2	568
chr8	16145883	1	252
chr8	17176625	1	0
chr8	18186733	1	157
chr8	19203502	1	266
chr8	20221301	1	264
chr8	21235881	1	304
chr8	22251757	1	228
chr8	23271818	1	270
chr8	24290809	1	264
chr8	25320285	1	254
chr8	26347796	1	288
chr8	27371426	1	279
chr8	28386201	1	276
chr8	29412458	1	283
chr8	30427326	1	231
chr8	31459034	1	257
chr8	32482695	1	273
chr8	33503995	1	271
chr8	34540722	2	529
chr8	35568200	2	562
chr8	36604546	2	548
chr8	37618782	2	560
chr8	38634790	2	535
chr8	39659007	2	538
chr8	40694133	2	572
chr8	41716116	2	507
chr8	42736000	2	1005
chr8	47924643	2	525
chr8	48999821	2	518
chr8	50047717	2	530
chr8	51087800	2	560
chr8	52129505	2	541
chr8	53166854	2	540
chr8	54192936	2	566
chr8	55244549	2	516
chr8	56281449	2	504
chr8	57335329	2	543
chr8	58380488	2	528
chr8	59415415	2	500
chr8	60457810	2	547
chr8	61500462	2	519
chr8	62541194	2	365
chr8	63577448	1	265
chr8	64618345	1	265
chr8	65665568	1	257
chr8	66706070	1	259
chr8	67736925	1	249
chr8	68778675	1	288
chr8	69823497	1	274
chr8	70877671	1	275
chr8	71925628	1	265
chr8	72967758	1	280
chr8	74015989	1	255
chr8	75046668	1	279
chr8	76098187	1	267
chr8	77143981	1	72
chr8	78183878	1	2
chr8	79217182	1	79
chr8	80255846	1	270
chr8	81293104	1	270
chr8	82331890	1	276
chr8	83368797	1	247
chr8	84405410	1	266
chr8	85456241	1	300
chr8	86503572	1	245
chr8	87814693	1	273
chr8	88880179	1	344
chr8	89929661	2	527
chr8	90993330	2	556
chr8	92029623	2	518
chr8	93094239	2	520
chr8	94126469	2	588
chr8	95168542	2	515
chr8	96193076	2	957
chr8	97247291	2	811
chr8	98282913	2	530
chr8	99328312	2	527
chr8	100392413	2	534
chr8	101444709	2	518
chr8	102474098	2	566
chr8	103520057	2	522
chr8	104541470	2	539
chr8	105587631	2	611
chr8	106616826	2	527
chr8	107652076	2	565
chr8	108681486	2	526
chr8	109732352	2	580
chr8	110762595	2	530
chr8	111798907	2	546
chr8	112830803	2	566
chr8	113863658	2	559
chr8	114896678	2	533
chr8	115960593	2	581
chr8	116992031	2	562
chr8	118019947	2	541
chr8	119050442	2	511
chr8	120084351	2	557
chr8	121138226	2	567
chr8	122186111	2	510
chr8	123219378	2	512
chr8	124250572	2	543
chr8	125274965	2	524
chr8	126300053	2	517
chr8	127337698	2	544
chr8	128383250	2	525
chr8	129414031	2	524
chr8	130475689	2	505
chr8	131500159	2	564
chr8	132539123	2	505
chr8	133581385	2	495
chr8	134603787	2	532
chr8	135638108	2	564
chr8	136667589	2	508
chr8	137712286	2	581
chr8	138748684	2	561
chr8	139797421	2	533
chr8	140817746	2	542
chr8	141845154	2	534
chr8	142949391	2	488
chr8	143991663	2	549
chr8	145024344	2	541
chr8	146364022	2	560
chr9	1183283	2	546
chr9	2230092	2	521
chr9	3252103	2	533
chr9	4276384	2	548
chr9	5322416	2	567
chr9	6375724	2	547
chr9	7402492	2	500
chr9	8433742	2	534
chr9	9449863	2	495
chr9	10478495	2	509
chr9	11510273	2	511
chr9	12547159	2	555
chr9	13573716	2	502
chr9	14591723	2	549
chr9	15638694	2	513
chr9	16672882	2	520
chr9	17709019	2	537
chr9	18749143	2	515
chr9	19784689	2	556
chr9	20825116	2	531
chr9	21870831	2	549
chr9	22920606	2	531
chr9	23944602	2	507
chr9	24991103	2	589
chr9	26021206	2	511
chr9	27050377	2	532
chr9	28074065	2	556
chr9	29121792	2	507
chr9	30147200	2	508
chr9	31188870	2	567
chr9	32246454	2	575
chr9	33279808	2	518
chr9	34362325	2	531
chr9	35410639	2	506
chr9	36426922	2	522
chr9	37446063	2	536
chr9	38461148	2	1118
chr9	71441008	2	533
chr9	72484677	2	542
chr9	73540920	2	557
chr9	74557580	2	554
chr9	75579670	2	534
chr9	76592879	2	536
chr9	77615542	2	473
chr9	78646371	2	500
chr9	79670510	2	561
chr9	80700863	2	496
chr9	81734237	2	538
chr9	82770217	2	546
chr9	83809726	3	974
chr9	84867683	3	812
chr9	85906923	3	807
chr9	86962356	3	785
chr9	87982699	3	823
chr9	89059322	3	794
chr9	90084498	3	778
chr9	91156861	3	807
chr9	92177015	2	580
chr9	93458017	2	538
chr9	94484592	2	537
chr9	95526196	2	142
chr9	96556800	0	0
chr9	97683139	0	0
chr9	98700632	0	0
chr9	99810484	0	0
chr9	100863870	0	0
chr9	101880240	0	4
chr9	102902414	0	0
chr9	103951819	0	0
chr9	104988269	0	0
chr9	106017952	0	0
chr9	107056477	0	0
chr9	108072598	0	0
chr9	109128897	0	0
chr9	110152079	0	0
chr9	111167373	0	0
chr9	112187891	0	10
chr9	113222916	2	262
chr9	114249036	2	435
chr9	115263347	2	524
chr9	116329413	2	515
chr9	117341542	2	544
chr9	118360689	2	622
chr9	119386858	2	513
chr9	120401286	2	543
chr9	121418093	2	523
chr9	122446115	2	532
chr9	123471064	2	522
chr9	124488146	2	510
chr9	125518271	2	531
chr9	126535777	2	546
chr9	127552984	2	555
chr9	128577370	2	523
chr9	129587025	2	545
chr9	130601771	2	511
chr9	131621417	2	503
chr9	132633511	2	547
chr9	133797273	2	558
chr9	134814634	2	554
chr9	135827276	2	496
chr9	136852666	2	542
chr9	137927936	2	539
chr9	138963550	2	538
chr9	140029248	2	513
chr9	141213431	2	529
chr10	1149034	3	525
chr10	2192465	3	611
chr10	3212859	3	826
chr10	4230285	3	785
chr10	5301918	3	812
chr10	6320975	3	801
chr10	7381095	3	785
chr10	8397958	3	805
chr10	9417347	3	824
chr10	10453293	3	809
chr10	11481095	3	797
chr10	12511968	2	590
chr10	13544227	2	558
chr10	14559403	2	533
chr10	15593326	2	554
chr10	16628347	2	503
chr10	17650921	2	528
chr10	19099946	2	531
chr10	20143519	2	520
chr10	21194447	2	582
chr10	22224846	2	559
chr10	23267198	2	517
chr10	24308528	2	541
chr10	25338505	2	537
chr10	26390696	2	561
chr10	27423909	2	574
chr10	28468984	2	576
chr10	29487787	2	550
chr10	30520579	2	547
chr10	31563606	2	528
chr10	32614016	2	560
chr10	33670424	2	526
chr10	34695550	2	536
chr10	35715814	2	520
chr10	36758101	2	500
chr10	37838694	3	1255
chr10	43591725	3	790
chr10	44628987	3	829
chr10	45679537	3	843
chr10	48394290	3	810
chr10	50092569	3	794
chr10	51512967	3	813
chr10	52946853	3	801
chr10	53982959	3	774
chr10	55021861	3	807
chr10	56068670	3	846
chr10	57101120	3	812
chr10	58143005	3	793
chr10	59180370	3	771
chr10	60216650	3	776
chr10	61259711	3	848
chr10	62284809	3	793
chr10	63312441	3	793
chr10	64331315	3	777
chr10	65366855	3	775
chr10	66408171	3	808
chr10	67444359	3	792
chr10	68475623	3	827
chr10	69540213	3	800
chr10	70561980	3	786
chr10	71582412	3	831
chr10	72607896	3	795
chr10	73620678	3	737
chr10	74649994	3	864
chr10	75719062	3	988
chr10	76746532	3	993
chr10	77772382	3	806
chr10	78817475	3	830
chr10	79839684	3	803
chr10	80864072	3	839
chr10	82123509	3	830
chr10	83162839	3	791
chr10	84202295	3	750
chr10	85229972	3	810
chr10	86269828	3	802
chr10	87325148	3	784
chr10	88357455	3	795
chr10	89679840	3	765
chr10	90702761	3	778
chr10	91730322	3	823
chr10	92779151	3	796
chr10	93840785	3	820
chr10	94870190	3	845
chr10	95895933	3	821
chr10	96978011	3	775
chr10	98006451	3	821
chr10	99027462	3	812
chr10	100060953	3	837
chr10	101122082	3	808
chr10	102172190	3	808
chr10	103195758	3	817
chr10	104219218	3	834
chr10	105245600	3	788
chr10	106261913	3	744
chr10	107302702	3	739
chr10	108340250	2	524
chr10	109367532	2	534
chr10	110402009	2	526
chr10	111457128	2	569
chr10	112491068	2	533
chr10	113525192	2	533
chr10	114568776	2	529
chr10	115586580	2	560
chr10	116604265	2	542
chr10	117647653	2	522
chr10	118668920	2	558
chr10	119696080	2	654
chr10	120717477	2	561
chr10	121741957	2	576
chr10	122786821	2	585
chr10	123805833	2	500
chr10	124860708	2	536
chr10	125925620	2	532
chr10	126946766	2	497
chr10	127980302	2	553
chr10	129161614	2	518
chr10	130184896	2	559
chr10	131199111	2	502
chr10	132228430	2	560
chr10	133252356	2	510
chr10	134387213	2	565
chr10	135534747	2	539
chr11	1281864	2	529
chr11	2326003	2	568
chr11	3452120	2	525
chr11	4686606	2	541
chr11	5751861	2	553
chr11	6805552	2	558
chr11	7874363	2	525
chr11	8929838	2	510
chr11	9970367	2	527
chr11	11013619	2	530
chr11	12042977	2	638
chr11	13070469	2	537
chr11	14131443	2	512
chr11	15203794	2	527
chr11	16230370	2	560
chr11	17282341	2	569
chr11	18322178	2	540
chr11	19368423	2	542
chr11	20399729	2	510
chr11	21440642	2	568
chr11	22491644	2	555
chr11	23560366	2	536
chr11	24606850	2	526
chr11	25670543	2	560
chr11	26718135	2	633
chr11	27768936	3	817
chr11	28824868	3	780
chr11	29878923	3	876
chr11	30918914	4	1088
chr11	31968708	4	1108
chr11	33015189	4	1049
chr11	34051595	4	1094
chr11	35089319	4	1086
chr11	36126226	4	1037
chr11	37172560	4	1057
chr11	38212688	4	1105
chr11	39252876	4	1131
chr11	40313617	4	1107
chr11	41353758	3	852
chr11	42389890	3	819
chr11	43463922	3	829
chr11	44497728	3	835
chr11	45527000	3	806
chr11	46556004	2	644
chr11	47593555	2	538
chr11	48694722	2	532
chr11	50034164	2	1073
chr11	55890829	2	513
chr11	56951154	2	488
chr11	57993202	2	535
chr11	59053315	2	596
chr11	60099536	2	530
chr11	61196819	2	559
chr11	62235923	2	504
chr11	63322154	2	545
chr11	64350354	2	535
chr11	65377089	2	535
chr11	66411461	2	539
chr11	67444765	2	544
chr11	68593073	2	543
chr11	69664618	2	517
chr11	70738461	2	553
chr11	71907465	2	549
chr11	72937170	2	529
chr11	73970321	2	577
chr11	75021949	2	506
chr11	76053824	2	511
chr11	77098317	2	524
chr11	78151016	2	596
chr11	79177407	2	554
chr11	80207836	2	523
chr11	81232560	2	557
chr11	82280554	2	526
chr11	83321820	2	542
chr11	84356315	2	532
chr11	85402889	2	567
chr11	86448320	2	545
chr11	87517254	2	538
chr11	88625453	2	532
chr11	90139847	2	582
chr11	91188294	2	517
chr11	92230942	2	541
chr11	93283186	2	556
chr11	94347295	2	577
chr11	95392907	2	540
chr11	96579822	4	1036
chr11	97624327	4	1101
chr11	98664658	4	1022
chr11	99703646	4	1058
chr11	100762094	4	1040
chr11	101814873	4	1133
chr11	102856720	4	1105
chr11	103899759	4	615
chr11	104931797	4	907
chr11	105958527	4	1056
chr11	106994375	4	1058
chr11	108032031	4	1076
chr11	109091167	2	549
chr11	110136340	2	539
chr11	111173249	2	538
chr11	112202333	2	548
chr11	113229184	2	469
chr11	114258532	2	523
chr11	115299314	2	550
chr11	116327281	2	564
chr11	117366098	2	528
chr11	118390500	2	574
chr11	119425275	2	568
chr11	120444082	2	551
chr11	121470760	2	518
chr11	122513129	2	552
chr11	123538724	2	508
chr11	124581056	2	551
chr11	125616791	2	539
chr11	126648866	2	542
chr11	127681298	2	522
chr11	128711713	2	542
chr11	129759660	2	498
chr11	130792750	2	544
chr11	131829341	2	552
chr11	132860124	2	538
chr11	133896008	2	520
chr11	135006516	2	526
chr12	1189813	2	521
chr12	2220083	2	547
chr12	3252079	2	573
chr12	4286863	2	532
chr12	5320474	2	529
chr12	6359572	1	276
chr12	7442078	1	284
chr12	8620020	1	262
chr12	9794928	1	273
chr12	10849290	1	282
chr12	11916813	1	260
chr12	12952824	1	289
chr12	13981468	1	240
chr12	15010490	1	252
chr12	16031271	1	279
chr12	17058165	2	558
chr12	18117722	2	552
chr12	19150691	2	538
chr12	20178374	2	581
chr12	21213820	2	525
chr12	22271636	2	530
chr12	23328924	2	515
chr12	24354103	2	537
chr12	25375581	2	514
chr12	26413463	2	517
chr12	27455751	2	504
chr12	28488413	2	530
chr12	29529843	2	532
chr12	30579291	2	485
chr12	31692567	2	563
chr12	32730697	2	566
chr12	33778280	2	1093
chr12	38946086	2	556
chr12	39993766	2	535
chr12	41029020	2	555
chr12	42056640	2	523
chr12	43104617	2	501
chr12	44136242	3	687
chr12	45175027	3	789
chr12	46207905	3	789
chr12	47240582	3	815
chr12	48274170	3	799
chr12	49317279	3	766
chr12	50336722	3	798
chr12	51355341	3	764
chr12	52387155	3	785
chr12	53410471	3	819
chr12	54428360	3	822
chr12	55488610	3	841
chr12	56563654	3	814
chr12	57599741	3	746
chr12	58636277	3	821
chr12	59672599	3	834
chr12	60704282	3	777
chr12	61754306	3	807
chr12	62785240	3	829
chr12	63808254	3	787
chr12	64931176	3	821
chr12	65956551	3	758
chr12	66988624	3	811
chr12	68002468	3	816
chr12	69030511	3	820
chr12	70051291	3	787
chr12	71100368	3	799
chr12	72128494	3	797
chr12	73159197	3	805
chr12	74204275	3	825
chr12	75235798	3	820
chr12	76260658	3	731
chr12	77278375	3	781
chr12	78310636	3	788
chr12	79331273	3	752
chr12	80357923	3	797
chr12	81409901	3	828
chr12	82435832	3	810
chr12	83460678	2	589
chr12	84509770	2	482
chr12	85522302	2	569
chr12	86544631	2	536
chr12	87595837	2	422
chr12	88638351	2	291
chr12	89667403	2	361
chr12	90684115	2	513
chr12	91705268	2	521
chr12	92725299	2	540
chr12	93747626	2	573
chr12	94768876	2	507
chr12	95786831	2	539
chr12	96822293	2	564
chr12	97847839	2	525
chr12	98887091	2	499
chr12	99904557	2	570
chr12	100923805	3	901
chr12	101960586	3	1086
chr12	102983416	3	1080
chr12	104019876	3	687
chr12	105042366	3	593
chr12	106077257	2	516
chr12	107106403	2	510
chr12	108125224	2	525
chr12	109135239	2	511
chr12	110197680	2	502
chr12	111213670	2	551
chr12	112227869	2	512
chr12	113254354	2	498
chr12	114262025	2	563
chr12	115274787	2	561
chr12	116285050	2	552
chr12	117291218	2	516
chr12	118302423	2	558
chr12	119323277	2	552
chr12	120337440	4	1031
chr12	121356007	4	1058
chr12	122376625	4	1063
chr12	123459067	4	1027
chr12	124475970	4	1075
chr12	125487294	4	1048
chr12	126502496	4	1063
chr12	127521555	4	1105
chr12	128540597	4	1029
chr12	129563476	4	1035
chr12	130591133	2	535
chr12	131609106	2	524
chr12	132694214	2	451
chr12	133851895	2	493
chr13	20399029	4	918
chr13	21420227	4	1116
chr13	22463480	4	1004
chr13	23503608	2	512
chr13	24540263	2	524
chr13	25627568	2	561
chr13	26655617	2	543
chr13	27676538	2	559
chr13	28694665	2	564
chr13	29720847	2	541
chr13	30752847	2	570
chr13	31782400	2	533
chr13	32819788	2	565
chr13	33840786	2	551
chr13	34867091	2	526
chr13	35902846	2	526
chr13	36934236	2	572
chr13	37968789	2	527
chr13	39009118	2	509
chr13	40030371	2	526
chr13	41061530	2	573
chr13	42121428	2	528
chr13	43166645	2	545
chr13	44195314	2	543
chr13	45224731	2	558
chr13	46263595	2	513
chr13	47309795	2	527
chr13	48353711	2	571
chr13	49396121	2	542
chr13	50432834	2	520
chr13	51471474	2	535
chr13	52517448	2	538
chr13	53727053	2	458
chr13	54754874	2	570
chr13	55780734	2	561
chr13	56814926	2	548
chr13	57875876	2	525
chr13	58903953	2	539
chr13	59935277	2	541
chr13	60967606	2	531
chr13	62008052	2	510
chr13	63026676	2	558
chr13	64047538	2	527
chr13	65136643	2	517
chr13	66154588	3	723
chr13	67187976	3	785
chr13	68218172	3	827
chr13	69249537	3	836
chr13	70271822	3	759
chr13	71299713	3	779
chr13	72319037	3	793
chr13	73350129	3	827
chr13	74377406	3	821
chr13	75410375	3	524
chr13	76444343	3	528
chr13	77479050	5	860
chr13	78511314	5	1093
chr13	79545592	5	1235
chr13	80587286	5	1349
chr13	81619574	5	1353
chr13	82661177	5	1310
chr13	83687731	5	1362
chr13	84714310	5	1329
chr13	85738846	5	1343
chr13	86917447	5	1358
chr13	87950562	5	1109
chr13	88979743	2	587
chr13	90009736	2	535
chr13	91025307	2	541
chr13	92052914	2	519
chr13	93083569	2	581
chr13	94124240	2	497
chr13	95156005	2	541
chr13	96180995	2	498
chr13	97219879	2	538
chr13	98244704	2	508
chr13	99284204	2	554
chr13	100307989	2	554
chr13	101335422	2	506
chr13	102375210	2	536
chr13	103398890	2	577
chr13	104421069	2	520
chr13	105443212	2	542
chr13	106472137	2	507
chr13	107501568	2	585
chr13	108528077	2	572
chr13	109563225	2	564
chr13	110590065	2	534
chr13	111620075	2	507
chr13	112797695	2	519
chr13	113861800	2	530
chr13	115169878	2	536
chr14	21041753	2	535
chr14	22088166	2	505
chr14	23126816	2	547
chr14	24160766	2	524
chr14	25255506	2	569
chr14	26300889	2	547
chr14	27347087	2	527
chr14	28411214	2	561
chr14	29453527	2	588
chr14	30488064	2	513
chr14	31529657	2	534
chr14	32571276	2	537
chr14	33611049	2	533
chr14	34636366	2	512
chr14	35694014	2	511
chr14	36736666	2	591
chr14	37772700	2	502
chr14	38823729	2	591
chr14	39870339	2	547
chr14	40942652	2	525
chr14	41984960	2	549
chr14	43028331	3	740
chr14	44090623	3	808
chr14	45139695	3	825
chr14	46196675	3	807
chr14	47260090	3	782
chr14	48294161	3	797
chr14	49353568	3	784
chr14	50390355	3	820
chr14	51420769	3	811
chr14	52458556	3	800
chr14	53498404	3	806
chr14	54542595	3	826
chr14	55575885	3	1035
chr14	56610047	3	1070
chr14	57654961	3	864
chr14	58702915	3	837
chr14	59724969	3	798
chr14	60769485	3	801
chr14	61827782	5	1190
chr14	62858482	5	1351
chr14	63904859	5	1366
chr14	64928975	5	1041
chr14	65953758	5	814
chr14	66999062	3	820
chr14	68039988	3	797
chr14	69069986	3	778
chr14	70087623	3	832
chr14	71131685	3	841
chr14	72166251	3	752
chr14	73203644	3	781
chr14	74247790	3	795
chr14	75272950	3	817
chr14	76291787	3	893
chr14	77317786	3	762
chr14	78339709	3	845
chr14	79357942	3	838
chr14	80396025	3	771
chr14	81435478	2	549
chr14	82471408	2	551
chr14	83496169	2	564
chr14	84519312	2	543
chr14	85540101	2	534
chr14	86585407	2	418
chr14	87623017	2	389
chr14	88658980	2	556
chr14	89688557	2	534
chr14	90715586	2	524
chr14	91737234	2	545
chr14	92772665	2	505
chr14	93801012	2	552
chr14	94825257	2	517
chr14	95845161	2	525
chr14	96862408	2	554
chr14	97885192	2	537
chr14	98901676	2	546
chr14	99921823	2	521
chr14	100940155	2	565
chr14	101963478	2	522
chr14	102993082	2	528
chr14	104018200	2	543
chr14	105044048	2	586
chr14	106141304	2	549
chr14	107349540	2	568
chr15	23022340	1	537
chr15	24526174	1	470
chr15	25628460	1	286
chr15	26639361	1	277
chr15	27655576	1	253
chr15	29140276	1	278
chr15	30208215	1	262
chr15	31800323	1	271
chr15	33299117	1	265
chr15	34316579	1	279
chr15	35430020	1	228
chr15	36455038	0	1
chr15	37476314	0	0
chr15	38522974	0	0
chr15	39552478	0	1
chr15	40574783	0	0
chr15	41593350	0	0
chr15	42611035	0	13
chr15	43635734	1	274
chr15	44793012	1	301
chr15	45887197	1	261
chr15	46922736	1	278
chr15	47956856	1	271
chr15	48964016	1	286
chr15	50000960	1	274
chr15	51025630	1	217
chr15	52064591	1	269
chr15	53084840	1	269
chr15	54125459	1	230
chr15	55150872	1	257
chr15	56193028	1	277
chr15	57242004	1	400
chr15	58251316	2	566
chr15	59269524	2	586
chr15	60286545	2	554
chr15	61302802	2	527
chr15	62324303	2	484
chr15	63340584	2	543
chr15	64357428	2	569
chr15	65381151	2	546
chr15	66396609	2	531
chr15	67410698	2	543
chr15	68427699	2	517
chr15	69443145	2	537
chr15	70455600	2	479
chr15	71489460	2	548
chr15	72515678	2	516
chr15	73577285	2	532
chr15	74636091	2	523
chr15	75707232	2	587
chr15	76748674	3	772
chr15	77788949	3	818
chr15	78835888	3	781
chr15	79880491	3	790
chr15	80904265	3	776
chr15	81918474	3	809
chr15	83608138	3	821
chr15	84643070	3	832
chr15	85976830	3	802
chr15	86998958	3	805
chr15	88045865	3	805
chr15	89070391	3	817
chr15	90100226	3	816
chr15	91125055	3	737
chr15	92153414	2	515
chr15	93171614	2	535
chr15	94200430	2	542
chr15	95224202	2	503
chr15	96233857	2	534
chr15	97244653	2	523
chr15	98282728	2	554
chr15	99300994	2	528
chr15	100318469	2	533
chr15	101377863	2	577
chr15	102531392	2	646
chr16	1112477	3	839
chr16	2151671	3	774
chr16	3291588	3	796
chr16	4308967	3	821
chr16	5353141	3	814
chr16	6364481	3	803
chr16	7371258	3	765
chr16	8387885	2	511
chr16	9459475	2	549
chr16	10486173	2	538
chr16	11499285	2	536
chr16	12535604	2	512
chr16	13552171	2	272
chr16	14568347	2	513
chr16	16100326	2	799
chr16	17586169	2	805
chr16	19156697	2	790
chr16	20167514	2	416
chr16	21277983	2	274
chr16	22796999	2	487
chr16	23812177	2	559
chr16	24822659	2	509
chr16	25837354	2	763
chr16	26853811	2	811
chr16	27862240	2	833
chr16	29294090	2	807
chr16	30700994	2	582
chr16	31746276	2	468
chr16	34209948	2	1059
chr16	47493504	2	544
chr16	48543780	2	576
chr16	49579618	2	512
chr16	50599530	2	535
chr16	51625496	2	540
chr16	52653488	2	542
chr16	53685435	2	519
chr16	54711166	2	546
chr16	55732229	2	553
chr16	56791888	2	516
chr16	57812120	2	541
chr16	58836121	2	539
chr16	59897361	2	513
chr16	60948267	2	511
chr16	61985037	2	512
chr16	63007764	2	516
chr16	64050495	2	502
chr16	65070917	2	550
chr16	66111262	2	524
chr16	67137538	2	546
chr16	68161783	2	580
chr16	69191687	2	549
chr16	70386866	2	434
chr16	71450069	2	496
chr16	72487330	2	528
chr16	73518531	2	563
chr16	74624477	2	524
chr16	75654350	2	524
chr16	76699481	2	567
chr16	77721744	2	560
chr16	78738235	2	542
chr16	79754284	2	547
chr16	80785691	2	542
chr16	81807469	2	534
chr16	82835895	2	503
chr16	83857260	2	525
chr16	84878602	2	510
chr16	85902250	2	550
chr16	86937302	2	582
chr16	87972420	2	570
chr16	89125508	2	551
chr16	90354753	2	523
chr17	1183821	2	553
chr17	2225258	2	540
chr17	3339505	2	533
chr17	4381222	2	530
chr17	5426910	2	587
chr17	6459707	2	537
chr17	7504970	2	510
chr17	8534748	2	487
chr17	9569254	2	580
chr17	10602166	2	537
chr17	11630677	2	547
chr17	12674189	2	555
chr17	13699487	2	551
chr17	14757921	2	527
chr17	15965410	2	513
chr17	17138506	2	562
chr17	18168014	2	565
chr17	19718395	2	685
chr17	21031408	2	1102
chr17	26338965	2	530
chr17	27360795	2	520
chr17	28387026	2	498
chr17	29493953	2	524
chr17	30577163	2	538
chr17	31610619	2	522
chr17	32643225	2	514
chr17	33661176	2	526
chr17	35002630	2	488
chr17	36013573	2	525
chr17	37193748	2	538
chr17	38208366	2	524
chr17	39223036	2	554
chr17	40262016	2	540
chr17	41291407	2	590
chr17	42320081	2	557
chr17	43337546	2	534
chr17	44878133	2	561
chr17	45992027	2	797
chr17	47003207	2	792
chr17	48019914	2	810
chr17	49029386	2	526
chr17	50049062	2	565
chr17	51072825	2	516
chr17	52097385	2	517
chr17	53119652	2	511
chr17	54149465	2	561
chr17	55168899	2	584
chr17	56179042	2	553
chr17	57200027	2	531
chr17	58326523	2	497
chr17	59363593	2	523
chr17	60423581	2	547
chr17	61482404	2	527
chr17	62558188	2	509
chr17	63671775	2	544
chr17	64689984	2	579
chr17	65704350	2	496
chr17	66744121	2	536
chr17	67775341	2	548
chr17	68797359	2	547
chr17	69812475	2	486
chr17	70822909	2	509
chr17	71836791	2	535
chr17	72844954	2	545
chr17	73866414	2	545
chr17	74889279	2	549
chr17	75904376	2	1076
chr17	76918298	2	999
chr17	78042155	2	655
chr17	79062803	2	514
chr17	80127229	2	502
chr17	81195210	2	505
chr18	1128857	2	547
chr18	2179231	2	511
chr18	3224729	2	540
chr18	4260328	2	522
chr18	5312524	2	539
chr18	6356453	2	595
chr18	7396576	2	553
chr18	8445149	2	590
chr18	9493248	2	545
chr18	10527458	2	532
chr18	11598820	2	521
chr18	12715969	2	560
chr18	13761485	2	1084
chr18	19557825	2	529
chr18	20605634	2	545
chr18	21636331	2	539
chr18	22674715	2	538
chr18	23704336	2	498
chr18	24746241	2	528
chr18	25788316	2	565
chr18	26836656	2	534
chr18	27867871	2	777
chr18	28891972	2	830
chr18	29934214	2	537
chr18	30974381	2	536
chr18	32019357	2	510
chr18	33068812	2	560
chr18	34117872	2	759
chr18	35157540	2	856
chr18	36194325	2	787
chr18	37225694	2	794
chr18	38264193	2	690
chr18	39294297	2	547
chr18	40336419	2	471
chr18	41373158	2	563
chr18	42414378	2	539
chr18	43458233	2	572
chr18	44486033	2	565
chr18	45544658	2	555
chr18	46572889	2	545
chr18	47628789	2	508
chr18	48669599	2	556
chr18	49709132	2	538
chr18	50740051	2	568
chr18	51783064	2	529
chr18	52977020	2	549
chr18	54015329	2	429
chr18	55057910	1	257
chr18	56092146	1	285
chr18	57133025	1	260
chr18	58174987	1	267
chr18	59215502	1	267
chr18	60251708	1	276
chr18	61283748	1	260
chr18	62337234	1	257
chr18	63371075	1	259
chr18	64400550	1	278
chr18	65434379	1	270
chr18	66476059	1	298
chr18	67512750	1	280
chr18	68566662	1	276
chr18	69604715	1	273
chr18	70630908	1	281
chr18	71678694	1	272
chr18	72756194	1	229
chr18	73784134	1	298
chr18	74818594	2	487
chr18	75908577	2	552
chr18	76957909	2	541
chr18	78077248	2	544
chr19	1303452	2	540
chr19	2337973	2	522
chr19	3377265	2	410
chr19	4411748	1	253
chr19	5446784	1	279
chr19	6483009	1	285
chr19	7642135	1	275
chr19	8748559	1	264
chr19	9837508	1	251
chr19	10867151	1	274
chr19	11900977	1	275
chr19	12964704	1	255
chr19	13993599	1	273
chr19	15050165	1	277
chr19	16094947	1	341
chr19	17123040	2	544
chr19	18155197	2	535
chr19	19181348	2	587
chr19	20223074	2	522
chr19	21377722	2	583
chr19	22446687	2	480
chr19	23530480	2	872
chr19	28819769	2	568
chr19	29884926	2	532
chr19	30942879	2	606
chr19	31982141	2	566
chr19	33023067	2	570
chr19	34087092	2	553
chr19	35139533	2	503
chr19	36202493	2	550
chr19	37309798	2	534
chr19	38421518	2	563
chr19	39483721	2	600
chr19	40582894	2	576
chr19	41679802	2	554
chr19	42736238	2	556
chr19	43995342	2	547
chr19	45060694	2	571
chr19	46114876	2	552
chr19	47172794	2	507
chr19	48229591	2	540
chr19	49338867	2	532
chr19	50410106	2	564
chr19	51528501	2	570
chr19	52588751	2	549
chr19	53668672	2	558
chr19	54766751	2	501
chr19	55884268	2	522
chr19	56965187	2	538
chr19	58022516	2	544
chr19	59128983	2	542
chr20	1094790	2	511
chr20	2137195	2	511
chr20	3174465	2	526
chr20	4216899	2	531
chr20	5260777	2	568
chr20	6308858	2	552
chr20	7344322	2	611
chr20	8377822	2	567
chr20	9412176	2	522
chr20	10446708	2	523
chr20	11469441	2	570
chr20	12521355	2	554
chr20	13572216	2	551
chr20	14611460	2	519
chr20	15640830	2	555
chr20	16668283	3	809
chr20	17705711	3	811
chr20	18751964	3	778
chr20	19796440	3	795
chr20	20823993	3	815
chr20	21858300	2	539
chr20	22915307	2	562
chr20	23993011	2	538
chr20	25032844	2	1056
chr20	30677269	2	583
chr20	31709687	2	583
chr20	32744079	2	520
chr20	33789496	2	535
chr20	34821991	2	535
chr20	35910818	2	537
chr20	36933639	2	516
chr20	37963819	2	529
chr20	39013787	2	550
chr20	40049578	2	547
chr20	41091701	2	523
chr20	42131692	2	537
chr20	43167623	2	532
chr20	44193971	2	542
chr20	45232731	2	526
chr20	46260509	2	556
chr20	47323304	2	523
chr20	48353872	2	508
chr20	49384342	2	658
chr20	50409088	2	597
chr20	51438297	2	576
chr20	52485605	2	492
chr20	53527666	2	520
chr20	54580818	2	558
chr20	55613165	2	548
chr20	56634616	2	494
chr20	57659181	2	575
chr20	58691356	2	529
chr20	59721092	2	532
chr20	60756803	2	585
chr20	61882044	2	580
chr20	63025520	2	438
chr21	14904688	2	490
chr21	16175554	2	501
chr21	17202862	2	542
chr21	18239316	2	556
chr21	19299648	2	694
chr21	20329532	2	553
chr21	21357473	2	524
chr21	22375395	2	547
chr21	23392161	2	571
chr21	24418052	2	555
chr21	25434171	2	521
chr21	26454728	2	558
chr21	27475593	2	534
chr21	28495244	2	571
chr21	29581766	2	565
chr21	30606325	2	529
chr21	31622831	2	573
chr21	32642389	2	520
chr21	33665708	2	504
chr21	34686474	2	536
chr21	35710267	2	519
chr21	36725649	2	548
chr21	37752636	2	531
chr21	38778185	2	513
chr21	39797410	2	498
chr21	40815079	2	500
chr21	41849802	2	609
chr21	42873699	2	1075
chr21	43940667	2	1043
chr21	45020230	2	711
chr21	46045216	2	525
chr21	47072426	2	565
chr21	48129895	2	473
chr22	17985867	2	487
chr22	19247260	2	505
chr22	20269485	2	505
chr22	22093723	2	557
chr22	23195127	2	500
chr22	24265550	2	486
chr22	25412920	1	280
chr22	26474599	1	258
chr22	27492268	1	276
chr22	28514444	1	256
chr22	29566974	1	250
chr22	30600050	1	248
chr22	31626762	1	285
chr22	32658072	1	271
chr22	33690538	1	364
chr22	34705626	2	564
chr22	35749702	2	548
chr22	36779482	2	551
chr22	37793152	2	524
chr22	38834496	2	567
chr22	39869230	2	549
chr22	40887440	2	510
chr22	41919186	2	520
chr22	42976165	2	541
chr22	43999278	2	502
chr22	45017750	2	541
chr22	46039580	2	542
chr22	47057471	2	535
chr22	48078851	2	534
chr22	49094376	2	532
chr22	50119257	2	539
chr22	51304566	2	1665
chrX	3865035	2	511
chrX	4891925	2	553
chrX	5919601	2	541
chrX	6965032	2	534
chrX	8049003	2	537
chrX	9097024	2	540
chrX	10119408	2	556
chrX	11216075	2	512
chrX	12264711	1	287
chrX	13308019	1	266
chrX	14352286	1	275
chrX	15396784	1	249
chrX	16443820	1	248
chrX	17488912	1	262
chrX	18527550	1	264
chrX	19565565	1	281
chrX	20595160	1	242
chrX	21648877	1	266
chrX	22672797	1	287
chrX	23721506	1	273
chrX	24757419	1	277
chrX	25791454	1	267
chrX	26844755	1	270
chrX	27880485	1	275
chrX	28924127	1	266
chrX	29948855	1	676
chrX	30995590	1	624
chrX	32032737	1	260
chrX	33058415	1	258
chrX	34081610	1	267
chrX	35112243	1	282
chrX	36139033	1	290
chrX	37250870	1	340
chrX	38307762	2	526
chrX	39336472	2	559
chrX	40354736	2	554
chrX	41378667	2	561
chrX	42428195	2	538
chrX	43474011	2	565
chrX	44510215	2	558
chrX	45537576	2	580
chrX	46589603	2	529
chrX	47618369	2	525
chrX	48791667	2	535
chrX	50092643	2	499
chrX	51150352	2	526
chrX	53053339	2	512
chrX	54107113	2	524
chrX	55201604	2	558
chrX	56346268	2	554
chrX	57477115	2	1091
chrX	62910928	2	532
chrX	64015181	2	544
chrX	65093036	2	531
chrX	66174914	2	531
chrX	67253478	2	545
chrX	68306110	2	521
chrX	69371028	2	527
chrX	70442395	2	540
chrX	71611561	2	537
chrX	72953058	2	529
chrX	74008125	2	559
chrX	75119409	2	506
chrX	76245761	2	541
chrX	77363270	2	525
chrX	78427420	2	504
chrX	79490615	2	527
chrX	80561779	2	517
chrX	81615239	2	518
chrX	82664740	2	548
chrX	83715589	2	551
chrX	84770158	2	569
chrX	85833315	2	510
chrX	86879992	2	555
chrX	87922156	2	577
chrX	89586586	2	670
chrX	91515082	2	604
chrX	93047806	2	555
chrX	94077120	2	527
chrX	95114386	2	537
chrX	96173895	2	570
chrX	97205887	2	559
chrX	98252171	2	506
chrX	99288049	2	527
chrX	100338167	2	515
chrX	101419539	3	770
chrX	102757130	3	805
chrX	103852988	3	774
chrX	104912612	3	828
chrX	105988844	3	827
chrX	107034252	3	725
chrX	108074782	3	813
chrX	109146555	3	808
chrX	110193698	3	817
chrX	111234663	2	618
chrX	112296394	2	536
chrX	113340399	2	527
chrX	114446744	2	525
chrX	115538755	2	550
chrX	116644316	2	567
chrX	117715264	2	545
chrX	118750002	2	524
chrX	119875309	2	549
chrX	121038516	2	549
chrX	122083322	2	544
chrX	123115538	2	531
chrX	124148296	2	522
chrX	125190497	2	544
chrX	126247977	2	533
chrX	127307252	2	544
chrX	128355281	2	501
chrX	129399971	2	548
chrX	130459154	2	544
chrX	131541519	2	531
chrX	132572757	2	562
chrX	133608010	2	566
chrX	134713703	2	551
chrX	135862591	2	498
chrX	136902071	2	535
chrX	137950017	2	539
chrX	138990969	2	491
chrX	140038498	2	565
chrX	141355593	3	692
chrX	142404628	3	896
chrX	143602589	3	1103
chrX	144626052	3	1013
chrX	145648978	3	878
chrX	146714351	2	648
chrX	147764127	2	551
chrX	148991812	2	518
chrX	150101354	2	515
chrX	151142688	2	574
chrX	152482852	2	489
chrX	153672819	2	703
chrX	155270560	2	0
chrY	5054978	0	3
chrY	7211371	0	0
chrY	8384058	0	1
chrY	10032319	0	0
chrY	14519128	0	2
chrY	15650414	0	1
chrY	16863899	0	1
chrY	18000249	0	1
chrY	19348540	0	0
chrY	21876900	0	3
chrY	23256191	0	2
chrY	59373566	0	0
