CHR	END	sim_lg.2
chr1	1246396	2
chr1	1833664	2
chr1	2345598	2
chr1	2946628	2
chr1	3452945	2
chr1	4112610	2
chr1	4622985	2
chr1	5133470	2
chr1	5640704	2
chr1	6148783	2
chr1	6661103	2
chr1	7166066	2
chr1	7681749	2
chr1	8188001	2
chr1	8698749	2
chr1	9208394	2
chr1	9715415	2
chr1	10226258	2
chr1	10733853	2
chr1	11245931	2
chr1	11752600	2
chr1	12261436	2
chr1	12768034	2
chr1	14105977	2
chr1	14613679	2
chr1	15124250	2
chr1	15630127	2
chr1	16139675	2
chr1	16653400	2
chr1	17400193	2
chr1	17907077	2
chr1	18409619	2
chr1	18913931	2
chr1	19417382	2
chr1	19925179	2
chr1	20432446	2
chr1	20937181	2
chr1	21451136	2
chr1	21981275	2
chr1	22504648	2
chr1	23007163	2
chr1	23513046	2
chr1	24023117	2
chr1	24539573	2
chr1	25046511	2
chr1	25557511	2
chr1	26141531	2
chr1	26646792	2
chr1	27164189	2
chr1	27676574	2
chr1	28188287	2
chr1	28698553	2
chr1	29211502	2
chr1	29719720	2
chr1	30377772	2
chr1	30884697	2
chr1	31404558	2
chr1	31912352	2
chr1	32419825	2
chr1	32930737	2
chr1	33441909	2
chr1	33954298	2
chr1	34468072	2
chr1	34983477	2
chr1	35499924	2
chr1	36013258	2
chr1	36519334	2
chr1	37027915	2
chr1	37531910	2
chr1	38045441	2
chr1	38555729	2
chr1	39061874	2
chr1	39575584	2
chr1	40098363	2
chr1	40623237	2
chr1	41139478	2
chr1	41652605	2
chr1	42160098	2
chr1	42672731	2
chr1	43185038	2
chr1	43701166	2
chr1	44208206	2
chr1	44713445	2
chr1	45218455	2
chr1	45741574	2
chr1	46260718	2
chr1	46775472	2
chr1	47295634	2
chr1	47883505	2
chr1	48387507	2
chr1	48921346	2
chr1	49427712	2
chr1	49954043	2
chr1	50491136	2
chr1	50997292	2
chr1	51513694	2
chr1	52025579	2
chr1	52533904	2
chr1	53047635	2
chr1	53560558	2
chr1	54067192	2
chr1	54572849	2
chr1	55084198	2
chr1	55598342	2
chr1	56111029	2
chr1	56620141	2
chr1	57132292	2
chr1	57637378	2
chr1	58145690	2
chr1	58659574	2
chr1	59182763	2
chr1	59692197	2
chr1	60226323	2
chr1	60737880	2
chr1	61269405	2
chr1	61772333	2
chr1	62279547	2
chr1	62790792	2
chr1	63307796	2
chr1	63814521	2
chr1	64323692	2
chr1	64841130	2
chr1	65349175	2
chr1	65858609	2
chr1	66391647	2
chr1	66909573	2
chr1	67426380	2
chr1	67942864	2
chr1	68450392	2
chr1	68961342	2
chr1	69488767	2
chr1	70007691	2
chr1	70529864	2
chr1	71037016	2
chr1	71554304	2
chr1	72075942	2
chr1	72585819	2
chr1	73092651	2
chr1	73610311	2
chr1	74121831	2
chr1	74631256	2
chr1	75147867	2
chr1	75672638	2
chr1	76204392	2
chr1	76719279	2
chr1	77228446	2
chr1	77751123	2
chr1	78258528	2
chr1	78782748	2
chr1	79291734	2
chr1	79806319	2
chr1	80324796	2
chr1	80844252	2
chr1	81361479	2
chr1	81878620	2
chr1	82385135	2
chr1	82902153	2
chr1	83408336	2
chr1	84118078	2
chr1	84633146	2
chr1	85142639	2
chr1	85647041	2
chr1	86161038	2
chr1	86698978	2
chr1	87226399	2
chr1	87737208	2
chr1	88245943	2
chr1	88750674	2
chr1	89261033	2
chr1	89777155	2
chr1	90310710	2
chr1	90832180	2
chr1	91338865	2
chr1	91872517	2
chr1	92382329	2
chr1	92902397	2
chr1	93423424	2
chr1	93937329	2
chr1	94460823	2
chr1	94977741	2
chr1	95485014	2
chr1	95999442	2
chr1	96503173	2
chr1	97028819	2
chr1	97547731	2
chr1	98066242	2
chr1	98570509	2
chr1	99087209	2
chr1	99597219	2
chr1	100118606	2
chr1	100628069	2
chr1	101149770	2
chr1	101657964	2
chr1	102167148	2
chr1	102674990	2
chr1	103198716	2
chr1	103720561	2
chr1	104602314	2
chr1	105117056	2
chr1	105645106	2
chr1	106160090	2
chr1	106675947	2
chr1	107190976	2
chr1	107697959	2
chr1	108206904	2
chr1	108720057	2
chr1	109434035	2
chr1	109943526	2
chr1	110471695	2
chr1	110975706	2
chr1	111484449	2
chr1	112004285	2
chr1	112511152	2
chr1	113037367	2
chr1	113551893	2
chr1	114080090	2
chr1	114593849	2
chr1	115107887	2
chr1	115623777	2
chr1	116135150	2
chr1	116648476	2
chr1	117168953	2
chr1	117690033	2
chr1	118208985	2
chr1	118722236	2
chr1	119255489	2
chr1	119784414	2
chr1	120308910	2
chr1	145044606	2
chr1	145959619	2
chr1	146998192	2
chr1	147821005	2
chr1	149943676	2
chr1	150451841	4
chr1	150968377	4
chr1	151476905	4
chr1	151986868	4
chr1	152531174	4
chr1	153056261	4
chr1	153580128	4
chr1	154090776	4
chr1	154600842	4
chr1	155111028	4
chr1	155647285	4
chr1	156170019	4
chr1	156678819	4
chr1	157185465	4
chr1	157709146	4
chr1	158227221	4
chr1	158752668	4
chr1	159275231	4
chr1	159815717	4
chr1	160319648	4
chr1	160840084	4
chr1	161354832	4
chr1	161995271	4
chr1	162507918	4
chr1	163036815	4
chr1	163547749	4
chr1	164068124	4
chr1	164589780	4
chr1	165101791	4
chr1	165605646	4
chr1	166124150	4
chr1	166658559	4
chr1	167169201	4
chr1	167672857	4
chr1	168182125	4
chr1	168703172	4
chr1	169212600	4
chr1	169734800	4
chr1	170258518	4
chr1	170769945	4
chr1	171283342	4
chr1	171803561	4
chr1	172327875	4
chr1	172837248	4
chr1	173365949	4
chr1	173884021	4
chr1	174407813	4
chr1	174946343	4
chr1	175458636	4
chr1	175961184	4
chr1	176492215	4
chr1	176999406	4
chr1	177510157	4
chr1	178038313	4
chr1	178551288	4
chr1	179069171	4
chr1	179584352	4
chr1	180095899	4
chr1	180608070	4
chr1	181128257	4
chr1	181639715	4
chr1	182149403	4
chr1	182657014	4
chr1	183164752	4
chr1	183682196	4
chr1	184190239	4
chr1	184700113	4
chr1	185218695	4
chr1	185741923	4
chr1	186266430	4
chr1	186780064	4
chr1	187287429	4
chr1	187818405	4
chr1	188325963	4
chr1	188840719	4
chr1	189356192	4
chr1	189871036	4
chr1	190377414	4
chr1	190884855	4
chr1	191397778	4
chr1	191906579	4
chr1	192414616	4
chr1	192935880	4
chr1	193444402	4
chr1	193958665	4
chr1	194477422	4
chr1	194984700	4
chr1	195493281	4
chr1	196007185	4
chr1	196525971	4
chr1	197097570	4
chr1	197610939	4
chr1	198129972	4
chr1	198642523	4
chr1	199148177	4
chr1	199663103	4
chr1	200176640	4
chr1	200680773	4
chr1	201189185	4
chr1	201699780	4
chr1	202208180	4
chr1	202762758	4
chr1	203272403	4
chr1	203781742	4
chr1	204290755	4
chr1	204795017	4
chr1	205299590	4
chr1	205808431	4
chr1	206800050	4
chr1	207303914	4
chr1	207867204	4
chr1	208379921	4
chr1	208888321	4
chr1	209397075	4
chr1	209905383	4
chr1	210421585	4
chr1	210929894	4
chr1	211457165	4
chr1	211970581	4
chr1	212480203	4
chr1	212995893	4
chr1	213516600	4
chr1	214030119	4
chr1	214532543	4
chr1	215040617	4
chr1	215550692	4
chr1	216064115	4
chr1	216576930	4
chr1	217084021	4
chr1	217589996	4
chr1	218100911	4
chr1	218611957	4
chr1	219121537	4
chr1	219628706	4
chr1	220171144	4
chr1	220680814	0
chr1	221189627	0
chr1	221700100	0
chr1	222209586	0
chr1	222762275	0
chr1	223278247	2
chr1	223876654	2
chr1	224496054	2
chr1	225003161	2
chr1	225531983	2
chr1	226042752	2
chr1	226553577	2
chr1	227061674	2
chr1	227574870	2
chr1	228097733	2
chr1	228616635	2
chr1	229172193	2
chr1	229682178	2
chr1	230188162	2
chr1	230695194	2
chr1	231203237	2
chr1	231711315	2
chr1	232228461	2
chr1	232740681	2
chr1	233248253	2
chr1	233752215	2
chr1	234268000	2
chr1	234773068	2
chr1	235356606	2
chr1	235869362	2
chr1	236377374	2
chr1	236885529	2
chr1	237406136	2
chr1	237914506	2
chr1	238425693	2
chr1	238931502	2
chr1	239438706	2
chr1	239952764	2
chr1	240458742	2
chr1	240964479	2
chr1	241473008	2
chr1	241979822	2
chr1	242542621	2
chr1	243073885	2
chr1	243747867	2
chr1	244259125	2
chr1	244773291	2
chr1	245280212	2
chr1	245789753	2
chr1	246306035	2
chr1	246827640	2
chr1	247357410	2
chr1	247877962	2
chr1	248429823	2
chr1	249250621	2
chr2	528412	2
chr2	1047047	2
chr2	1586396	2
chr2	2102592	2
chr2	2614218	2
chr2	3128518	2
chr2	3698300	2
chr2	4218643	2
chr2	4730772	2
chr2	5351322	2
chr2	5871411	2
chr2	6379665	2
chr2	6884662	2
chr2	7392695	2
chr2	7898588	2
chr2	8413665	2
chr2	8918513	2
chr2	9433238	2
chr2	9940125	2
chr2	10452660	2
chr2	10960545	2
chr2	11476813	2
chr2	11986736	2
chr2	12496986	2
chr2	13014163	2
chr2	13525753	2
chr2	14056853	2
chr2	14572569	2
chr2	15096804	2
chr2	15608330	2
chr2	16119179	2
chr2	16679029	2
chr2	17195848	2
chr2	17707055	2
chr2	18226480	2
chr2	18736315	2
chr2	19286830	2
chr2	19808816	2
chr2	20318469	2
chr2	20826080	2
chr2	21365789	2
chr2	21884975	2
chr2	22398837	2
chr2	22908081	2
chr2	23420449	2
chr2	23933481	2
chr2	24455231	2
chr2	24963699	2
chr2	25474724	2
chr2	25986549	2
chr2	26495767	2
chr2	27003037	2
chr2	27511051	2
chr2	28025934	2
chr2	28535825	2
chr2	29041923	2
chr2	29550248	2
chr2	30060566	2
chr2	30567684	2
chr2	31086182	2
chr2	31597759	2
chr2	32127082	2
chr2	32640853	2
chr2	33155270	2
chr2	33672585	2
chr2	34183897	2
chr2	34691900	2
chr2	35219554	2
chr2	35741502	2
chr2	36263143	2
chr2	36787758	2
chr2	37299375	2
chr2	37809963	2
chr2	38332469	2
chr2	38845228	2
chr2	39354553	2
chr2	39865447	2
chr2	40384029	2
chr2	40895950	2
chr2	41408846	2
chr2	41925713	2
chr2	42436691	2
chr2	42945911	2
chr2	43458107	2
chr2	43976416	2
chr2	44484562	2
chr2	44997308	2
chr2	45515321	2
chr2	46020548	2
chr2	46528093	2
chr2	47036251	2
chr2	47545865	2
chr2	48055820	2
chr2	48569079	2
chr2	49085957	2
chr2	49610762	2
chr2	50123917	2
chr2	50627974	2
chr2	51133524	2
chr2	51646259	2
chr2	52165879	2
chr2	52680389	2
chr2	53191081	2
chr2	53708623	2
chr2	54220743	2
chr2	54729559	2
chr2	55234957	2
chr2	55747856	2
chr2	56273552	2
chr2	56796656	2
chr2	57322357	2
chr2	57859414	2
chr2	58369154	2
chr2	58891648	2
chr2	59402862	4
chr2	59920493	4
chr2	60447487	4
chr2	60955357	4
chr2	61465108	4
chr2	61973465	4
chr2	62482266	4
chr2	63008094	4
chr2	63526181	4
chr2	64046142	4
chr2	64559581	4
chr2	65066058	4
chr2	65577465	4
chr2	66085410	4
chr2	66626037	4
chr2	67147422	4
chr2	67663975	4
chr2	68178260	4
chr2	68691157	4
chr2	69210031	4
chr2	69716868	4
chr2	70224444	4
chr2	70738905	4
chr2	71254240	4
chr2	71786169	4
chr2	72304148	4
chr2	72822447	4
chr2	73333101	4
chr2	73861493	4
chr2	74408095	4
chr2	74914818	4
chr2	75430062	4
chr2	75943185	4
chr2	76462431	4
chr2	76994283	4
chr2	77526325	4
chr2	78062360	4
chr2	78577474	4
chr2	79094542	4
chr2	79614370	4
chr2	80127738	4
chr2	80638108	4
chr2	81146580	4
chr2	81659508	4
chr2	82175963	4
chr2	82682544	4
chr2	83192684	4
chr2	83709037	4
chr2	84230300	4
chr2	84753316	4
chr2	85265682	4
chr2	85779911	4
chr2	86289749	4
chr2	86796911	4
chr2	88356706	4
chr2	88865478	4
chr2	89831834	4
chr2	95930186	4
chr2	96782944	4
chr2	97301345	4
chr2	98161455	4
chr2	98732072	4
chr2	99241205	4
chr2	99758809	4
chr2	100272766	4
chr2	100804029	4
chr2	101309130	4
chr2	101815773	4
chr2	102328482	4
chr2	102835059	4
chr2	103349149	4
chr2	103864189	4
chr2	104373073	4
chr2	104877524	4
chr2	105383552	4
chr2	105898099	4
chr2	106403690	4
chr2	106928711	4
chr2	107541604	4
chr2	108051564	4
chr2	108638831	4
chr2	109169331	4
chr2	109727599	4
chr2	110382823	4
chr2	111630363	4
chr2	112415501	4
chr2	113034519	4
chr2	113638265	4
chr2	114164525	4
chr2	114879635	4
chr2	115393594	4
chr2	115906629	4
chr2	116422360	4
chr2	116943579	4
chr2	117455242	4
chr2	117972808	4
chr2	118503554	4
chr2	119040798	4
chr2	119550916	4
chr2	120069918	4
chr2	120577145	4
chr2	121094996	4
chr2	121598142	4
chr2	122102246	4
chr2	122611632	4
chr2	123138888	4
chr2	123647078	4
chr2	124156072	4
chr2	124673440	4
chr2	125198300	4
chr2	125707935	4
chr2	126222983	4
chr2	126734195	4
chr2	127254707	4
chr2	127760623	4
chr2	128267332	4
chr2	128777011	4
chr2	129286866	4
chr2	129810637	4
chr2	130324377	4
chr2	130956015	4
chr2	131784786	4
chr2	132485946	4
chr2	133238291	4
chr2	133746542	4
chr2	134263413	4
chr2	134783009	4
chr2	135297213	4
chr2	135823939	4
chr2	136352083	4
chr2	136860339	4
chr2	137369897	4
chr2	137883697	4
chr2	138415330	4
chr2	138923062	4
chr2	139437716	4
chr2	139944731	4
chr2	140459004	4
chr2	140968865	4
chr2	141476281	4
chr2	141986373	4
chr2	142492697	4
chr2	142998533	4
chr2	143515025	4
chr2	144029214	4
chr2	144542191	4
chr2	145057055	4
chr2	145564549	4
chr2	146071737	4
chr2	146579678	4
chr2	147087147	4
chr2	147601099	4
chr2	148110698	4
chr2	148626366	4
chr2	149155133	4
chr2	149668296	4
chr2	150279057	4
chr2	150813159	4
chr2	151324900	4
chr2	151829731	4
chr2	152336449	4
chr2	152879317	4
chr2	153388825	4
chr2	153902862	4
chr2	154423970	2
chr2	154945598	2
chr2	155454793	2
chr2	155968846	2
chr2	156487875	2
chr2	157000129	2
chr2	157518933	2
chr2	158039218	2
chr2	158570018	2
chr2	159075746	2
chr2	159607337	2
chr2	160126536	2
chr2	160640247	2
chr2	161157786	2
chr2	161680990	2
chr2	162202419	2
chr2	162723216	2
chr2	163232462	2
chr2	163742341	2
chr2	164251265	2
chr2	164757249	2
chr2	165270835	2
chr2	165777891	2
chr2	166290843	2
chr2	166811886	2
chr2	167321791	2
chr2	167851277	2
chr2	168372360	2
chr2	168894944	2
chr2	169402212	2
chr2	169912060	2
chr2	170443040	2
chr2	170956694	2
chr2	171463830	2
chr2	171976711	2
chr2	172486555	2
chr2	173001390	2
chr2	173524315	2
chr2	174031557	2
chr2	174543994	2
chr2	175053910	2
chr2	175571604	2
chr2	176081026	2
chr2	176611257	2
chr2	177126486	2
chr2	177633486	2
chr2	178145257	2
chr2	178657516	2
chr2	179178417	2
chr2	179694680	2
chr2	180224282	2
chr2	180740157	2
chr2	181248603	2
chr2	181769369	2
chr2	182277524	2
chr2	182789706	2
chr2	183310936	2
chr2	183832841	2
chr2	184348481	2
chr2	184876456	2
chr2	185388251	2
chr2	185898527	2
chr2	186410862	2
chr2	186940762	2
chr2	187462741	2
chr2	187971240	2
chr2	188484206	2
chr2	189000435	2
chr2	189505423	2
chr2	190019888	2
chr2	190533103	2
chr2	191047259	2
chr2	191558874	2
chr2	192072849	2
chr2	192580583	2
chr2	193094099	2
chr2	193611893	2
chr2	194137388	2
chr2	194653979	2
chr2	195170908	2
chr2	195691852	2
chr2	196225595	2
chr2	196744297	2
chr2	197254697	2
chr2	197777205	2
chr2	198287175	2
chr2	198824834	2
chr2	199332985	2
chr2	199844954	2
chr2	200360228	2
chr2	200867865	2
chr2	201378087	2
chr2	201890431	2
chr2	202416325	2
chr2	202930701	2
chr2	203443740	2
chr2	203957777	2
chr2	204467378	2
chr2	204976034	2
chr2	205483824	2
chr2	205999006	2
chr2	206509475	2
chr2	207014624	2
chr2	207532905	2
chr2	208055304	2
chr2	208563869	2
chr2	209072161	2
chr2	209587891	2
chr2	210144788	2
chr2	210662735	2
chr2	211169950	2
chr2	211687180	2
chr2	212205141	2
chr2	212713186	2
chr2	213225646	2
chr2	213738838	2
chr2	214251169	2
chr2	214769501	2
chr2	215280542	2
chr2	215798657	2
chr2	216314905	2
chr2	216823503	2
chr2	217338949	2
chr2	217841976	2
chr2	218348340	2
chr2	218854282	2
chr2	219368239	2
chr2	219877954	2
chr2	220383186	2
chr2	220897799	2
chr2	221405105	2
chr2	221909883	2
chr2	222416401	2
chr2	222927054	2
chr2	223439249	2
chr2	223953638	2
chr2	224467331	2
chr2	224973262	2
chr2	225482516	2
chr2	225992439	2
chr2	226505529	2
chr2	227020020	2
chr2	227526238	2
chr2	228038327	2
chr2	228546610	2
chr2	229063269	2
chr2	229593238	2
chr2	230110313	2
chr2	230617471	2
chr2	231128225	2
chr2	231647292	2
chr2	232153900	2
chr2	232665411	2
chr2	233204290	2
chr2	233722642	2
chr2	234278942	2
chr2	234802726	2
chr2	235311603	2
chr2	235830772	2
chr2	236336699	2
chr2	236841405	2
chr2	237358432	2
chr2	237861401	2
chr2	238366920	2
chr2	238880741	2
chr2	239389661	2
chr2	239928209	2
chr2	240435696	2
chr2	240971113	2
chr2	241479195	2
chr2	242015019	2
chr2	242525963	2
chr2	243199373	2
chr3	571593	2
chr3	1111542	2
chr3	1626991	2
chr3	2147082	2
chr3	2659303	2
chr3	3168421	2
chr3	3675105	2
chr3	4211745	2
chr3	4730090	2
chr3	5243610	2
chr3	5762422	2
chr3	6276289	2
chr3	6805757	2
chr3	7321198	2
chr3	7827806	2
chr3	8340326	2
chr3	8866309	2
chr3	9374771	2
chr3	9883326	2
chr3	10404510	2
chr3	10913039	2
chr3	11419299	2
chr3	11938502	2
chr3	12451635	2
chr3	12962670	2
chr3	13468111	2
chr3	13974739	2
chr3	14496059	2
chr3	15000907	2
chr3	15534739	2
chr3	16046477	2
chr3	16553383	2
chr3	17073986	2
chr3	17586860	2
chr3	18106316	2
chr3	18618986	2
chr3	19150248	2
chr3	19678806	2
chr3	20195898	2
chr3	20713248	2
chr3	21226731	2
chr3	21746708	2
chr3	22271742	2
chr3	22793012	2
chr3	23315403	2
chr3	23831820	2
chr3	24358239	2
chr3	24864354	2
chr3	25371555	2
chr3	25880771	2
chr3	26400483	2
chr3	26939950	2
chr3	27459274	2
chr3	27971289	2
chr3	28494019	2
chr3	29006070	2
chr3	29520269	2
chr3	30027549	2
chr3	30552188	2
chr3	31055485	2
chr3	31559241	2
chr3	32067662	2
chr3	32581567	2
chr3	33091777	2
chr3	33604460	2
chr3	34120535	2
chr3	34644484	2
chr3	35166418	2
chr3	35683956	2
chr3	36205928	2
chr3	36723804	2
chr3	37231266	2
chr3	37746863	2
chr3	38260712	2
chr3	38776894	2
chr3	39291348	2
chr3	39814591	2
chr3	40355176	2
chr3	40866649	2
chr3	41382695	2
chr3	41919944	2
chr3	42435286	2
chr3	42944203	2
chr3	43457120	2
chr3	43987255	2
chr3	44492788	2
chr3	45009712	2
chr3	45515571	2
chr3	46019981	2
chr3	46536456	2
chr3	47056324	2
chr3	47568404	2
chr3	48077643	2
chr3	48591120	2
chr3	49103990	2
chr3	49616985	2
chr3	50131772	2
chr3	50638035	2
chr3	51166036	2
chr3	51699480	2
chr3	52209625	2
chr3	52714849	2
chr3	53220717	2
chr3	53738756	2
chr3	54248065	2
chr3	54771395	2
chr3	55295127	2
chr3	55801989	2
chr3	56312765	2
chr3	56826577	2
chr3	57337101	2
chr3	57860193	2
chr3	58368858	2
chr3	58901869	2
chr3	59425628	2
chr3	59935366	2
chr3	60439865	2
chr3	60957268	2
chr3	61481974	2
chr3	61986651	2
chr3	62490051	2
chr3	62999290	2
chr3	63523955	2
chr3	64043691	2
chr3	64551533	2
chr3	65062593	2
chr3	65578934	2
chr3	66085541	2
chr3	66691543	2
chr3	67210906	2
chr3	67728081	2
chr3	68240615	2
chr3	68751932	2
chr3	69262545	2
chr3	69780302	2
chr3	70289181	2
chr3	70810806	2
chr3	71321680	2
chr3	71825832	2
chr3	72331876	2
chr3	72841443	2
chr3	73348377	2
chr3	73859313	2
chr3	74376230	2
chr3	74893308	2
chr3	75440225	2
chr3	76045960	2
chr3	76563163	2
chr3	77071516	2
chr3	77581020	2
chr3	78096071	2
chr3	78606918	2
chr3	79127319	2
chr3	79638746	2
chr3	80149045	2
chr3	80659982	2
chr3	81184975	3
chr3	81693068	3
chr3	82210169	3
chr3	82729860	3
chr3	83242341	3
chr3	83751878	3
chr3	84264124	3
chr3	84777176	3
chr3	85292762	3
chr3	85802931	3
chr3	86320664	3
chr3	86829367	3
chr3	87339109	3
chr3	87854588	3
chr3	88373377	3
chr3	88893040	3
chr3	89414608	3
chr3	89940526	3
chr3	94034440	3
chr3	94548575	3
chr3	95070792	3
chr3	95592546	3
chr3	96100337	3
chr3	96613915	3
chr3	97129843	3
chr3	97651376	3
chr3	98167951	3
chr3	98687452	3
chr3	99217261	3
chr3	99730258	3
chr3	100246886	3
chr3	100762323	3
chr3	101283815	3
chr3	101810426	3
chr3	102318420	3
chr3	102830342	3
chr3	103356478	3
chr3	103864807	3
chr3	104372089	3
chr3	104875184	3
chr3	105389624	3
chr3	105899165	3
chr3	106409032	3
chr3	106929820	3
chr3	107443665	3
chr3	107951198	3
chr3	108475540	3
chr3	108990548	3
chr3	109518540	3
chr3	110032274	3
chr3	110547345	3
chr3	111063579	3
chr3	111583633	3
chr3	112103168	3
chr3	112622674	3
chr3	113143221	3
chr3	113654668	3
chr3	114165852	3
chr3	114671445	3
chr3	115184760	3
chr3	115695252	3
chr3	116218102	3
chr3	116730788	3
chr3	117239316	3
chr3	117746178	3
chr3	118256840	3
chr3	118782306	3
chr3	119300241	3
chr3	119806461	3
chr3	120326853	3
chr3	120863722	3
chr3	121391070	3
chr3	121920138	3
chr3	122428729	3
chr3	122941384	3
chr3	123447116	3
chr3	123965385	2
chr3	124475836	2
chr3	124982143	2
chr3	125530372	2
chr3	126099232	2
chr3	126614719	2
chr3	127118901	2
chr3	127625827	2
chr3	128127964	2
chr3	128638188	2
chr3	129162482	2
chr3	129672218	2
chr3	130266032	2
chr3	130785138	2
chr3	131308949	2
chr3	131826056	2
chr3	132352541	2
chr3	132883947	2
chr3	133407856	2
chr3	133923195	2
chr3	134430345	2
chr3	134943408	2
chr3	135477221	2
chr3	135997598	2
chr3	136517415	2
chr3	137045997	2
chr3	137580430	2
chr3	138094429	2
chr3	138609423	2
chr3	139132032	2
chr3	139650550	2
chr3	140154166	2
chr3	140668441	2
chr3	141184032	2
chr3	141698617	2
chr3	142217796	2
chr3	142725876	2
chr3	143235884	2
chr3	143752826	2
chr3	144255564	2
chr3	144765684	2
chr3	145282971	2
chr3	145801026	2
chr3	146318171	2
chr3	146835242	2
chr3	147343147	2
chr3	147849563	2
chr3	148376202	2
chr3	148888108	2
chr3	149393452	2
chr3	149905629	2
chr3	150412072	2
chr3	150923162	2
chr3	151440473	2
chr3	151950487	2
chr3	152459182	2
chr3	152975289	2
chr3	153494807	2
chr3	154018724	2
chr3	154532241	2
chr3	155055514	2
chr3	155579462	2
chr3	156094170	2
chr3	156605092	2
chr3	157117554	1
chr3	157638565	1
chr3	158169711	1
chr3	158687019	1
chr3	159221830	1
chr3	159735234	1
chr3	160245930	1
chr3	160760014	1
chr3	161270465	1
chr3	161780879	1
chr3	162300819	1
chr3	162808972	1
chr3	163335338	1
chr3	163852942	1
chr3	164365136	1
chr3	164877183	1
chr3	165397450	1
chr3	165915998	1
chr3	166433375	1
chr3	166949097	1
chr3	167463935	1
chr3	167975386	1
chr3	168492943	1
chr3	168996287	1
chr3	169513676	1
chr3	170018988	1
chr3	170535984	1
chr3	171057764	1
chr3	171574339	1
chr3	172078938	1
chr3	172590463	1
chr3	173094884	1
chr3	173605882	1
chr3	174114029	1
chr3	174629649	1
chr3	175144283	1
chr3	175662085	1
chr3	176178932	1
chr3	176696820	1
chr3	177208671	1
chr3	177720230	1
chr3	178225238	1
chr3	178744877	1
chr3	179269950	1
chr3	179777962	1
chr3	180302538	1
chr3	180811917	1
chr3	181325510	1
chr3	181831294	1
chr3	182342075	1
chr3	182850413	1
chr3	183364779	1
chr3	183873888	1
chr3	184379470	1
chr3	184886464	1
chr3	185405328	1
chr3	185912638	1
chr3	186420888	1
chr3	186940721	1
chr3	187455458	1
chr3	187968655	1
chr3	188479747	1
chr3	188995848	1
chr3	189504062	1
chr3	190014211	1
chr3	190518910	1
chr3	191033359	1
chr3	191545411	1
chr3	192059672	1
chr3	192569668	1
chr3	193086900	1
chr3	193594520	1
chr3	194103816	1
chr3	194611679	1
chr3	195125332	1
chr3	195765182	1
chr3	196281616	1
chr3	196794668	1
chr3	197306432	1
chr3	198022430	1
chr4	554047	2
chr4	1074366	2
chr4	1650964	2
chr4	2166058	2
chr4	2679720	2
chr4	3194159	2
chr4	3722265	2
chr4	4346360	2
chr4	4855400	2
chr4	5381726	2
chr4	5918442	2
chr4	6427652	2
chr4	6941071	2
chr4	7455461	2
chr4	7965183	2
chr4	8475220	2
chr4	9065300	2
chr4	9896562	2
chr4	10406519	2
chr4	10926623	2
chr4	11465890	2
chr4	11991938	2
chr4	12521711	2
chr4	13040954	2
chr4	13555596	2
chr4	14080170	2
chr4	14604664	2
chr4	15129925	2
chr4	15650722	2
chr4	16167651	2
chr4	16691420	2
chr4	17209010	2
chr4	17720843	2
chr4	18243565	2
chr4	18765292	2
chr4	19280782	2
chr4	19801900	2
chr4	20319087	2
chr4	20837170	2
chr4	21362849	2
chr4	21878375	2
chr4	22404502	2
chr4	22922222	2
chr4	23431678	2
chr4	23954043	2
chr4	24465533	2
chr4	24982056	2
chr4	25493116	2
chr4	26002665	2
chr4	26514854	2
chr4	27043557	2
chr4	27568499	2
chr4	28077835	2
chr4	28590192	2
chr4	29099504	2
chr4	29612669	2
chr4	30127130	2
chr4	30635853	2
chr4	31145510	2
chr4	31654583	2
chr4	32181564	2
chr4	32695855	2
chr4	33211539	2
chr4	33722716	2
chr4	34235119	2
chr4	34750190	2
chr4	35259257	2
chr4	35777510	2
chr4	36287454	2
chr4	36802283	2
chr4	37324388	2
chr4	37839713	2
chr4	38353327	2
chr4	38875726	2
chr4	39390906	2
chr4	39906642	2
chr4	40420069	2
chr4	40935508	2
chr4	41454670	2
chr4	41965156	2
chr4	42478902	2
chr4	42993104	2
chr4	43512581	2
chr4	44039464	2
chr4	44560997	2
chr4	45082571	2
chr4	45597415	2
chr4	46119490	2
chr4	46640824	2
chr4	47158765	2
chr4	47676702	2
chr4	48196011	2
chr4	48719800	2
chr4	53209094	2
chr4	53746247	2
chr4	54291208	2
chr4	54821137	2
chr4	55338537	2
chr4	55850825	2
chr4	56368773	2
chr4	56888797	2
chr4	57405865	2
chr4	57917491	2
chr4	58443348	2
chr4	58976010	2
chr4	59491602	2
chr4	60062401	2
chr4	60587329	2
chr4	61099841	2
chr4	61615993	2
chr4	62135151	2
chr4	62657687	2
chr4	63169752	2
chr4	63691930	2
chr4	64215124	2
chr4	64731461	2
chr4	65245723	2
chr4	65767276	2
chr4	66293870	2
chr4	66808074	2
chr4	67327437	2
chr4	67842122	2
chr4	68368083	2
chr4	68881452	2
chr4	69409803	2
chr4	69945473	2
chr4	70512894	2
chr4	71036313	2
chr4	71560230	2
chr4	72091801	2
chr4	72604160	2
chr4	73127373	2
chr4	73654166	2
chr4	74167899	2
chr4	74685044	2
chr4	75200254	2
chr4	75816045	4
chr4	76354607	4
chr4	76869144	4
chr4	77380132	4
chr4	77888324	4
chr4	78400050	4
chr4	78921537	4
chr4	79456471	4
chr4	79970770	4
chr4	80487913	4
chr4	81013163	4
chr4	81520077	4
chr4	82040696	4
chr4	82559109	4
chr4	83078274	4
chr4	83596288	4
chr4	84109029	4
chr4	84619001	4
chr4	85140280	4
chr4	85653975	4
chr4	86170845	4
chr4	86688439	4
chr4	87217509	4
chr4	87734226	4
chr4	88248045	4
chr4	88778138	4
chr4	89290150	4
chr4	89800122	4
chr4	90318848	4
chr4	90825656	4
chr4	91347660	4
chr4	91868357	4
chr4	92394771	4
chr4	92922958	4
chr4	93442037	4
chr4	93953758	4
chr4	94460933	4
chr4	94995606	4
chr4	95520166	4
chr4	96033694	4
chr4	96551126	4
chr4	97069512	4
chr4	97585540	4
chr4	98099526	4
chr4	98627896	4
chr4	99153018	4
chr4	99677221	4
chr4	100198824	4
chr4	100719410	4
chr4	101234458	4
chr4	101744241	4
chr4	102251915	4
chr4	102770487	4
chr4	103288083	4
chr4	103805765	4
chr4	104352413	4
chr4	104888599	4
chr4	105407835	4
chr4	105929454	4
chr4	106449717	4
chr4	106965873	4
chr4	107498767	4
chr4	108022444	4
chr4	108537198	4
chr4	109048389	4
chr4	109560074	4
chr4	110071334	4
chr4	110584270	4
chr4	111101989	4
chr4	111626113	4
chr4	112151430	4
chr4	112681483	4
chr4	113203185	4
chr4	113721509	4
chr4	114228670	4
chr4	114741021	4
chr4	115259687	4
chr4	115765857	4
chr4	116277398	4
chr4	116786414	4
chr4	117298597	4
chr4	117816454	4
chr4	118328500	4
chr4	118843281	4
chr4	119405398	4
chr4	120031430	4
chr4	120621611	4
chr4	121139108	4
chr4	121658702	4
chr4	122170686	4
chr4	122683702	4
chr4	123194973	4
chr4	123717215	4
chr4	124239386	4
chr4	124753352	4
chr4	125271614	4
chr4	125784499	4
chr4	126292205	4
chr4	126804678	4
chr4	127317809	4
chr4	127831458	4
chr4	128358783	4
chr4	128894374	4
chr4	129411504	4
chr4	129923700	4
chr4	130441347	4
chr4	130966860	4
chr4	131476129	4
chr4	131984885	4
chr4	132504643	4
chr4	133160657	4
chr4	133677116	4
chr4	134188998	4
chr4	134701520	4
chr4	135213703	4
chr4	135724510	4
chr4	136250282	2
chr4	136761988	2
chr4	137272435	2
chr4	137776683	2
chr4	138280460	2
chr4	138796819	2
chr4	139305601	2
chr4	139823377	2
chr4	140334404	2
chr4	140843439	2
chr4	141359342	2
chr4	141883020	2
chr4	142400513	2
chr4	142921837	2
chr4	143434137	2
chr4	143954804	2
chr4	144473030	2
chr4	145119540	2
chr4	145634037	2
chr4	146161022	2
chr4	146684497	2
chr4	147196042	2
chr4	147726773	2
chr4	148238086	2
chr4	148756298	2
chr4	149271216	2
chr4	149782951	2
chr4	150300682	2
chr4	150821420	2
chr4	151333319	2
chr4	151846663	2
chr4	152358551	2
chr4	152871753	2
chr4	153375399	2
chr4	153888491	2
chr4	154393401	2
chr4	154902897	2
chr4	155414905	2
chr4	155923978	2
chr4	156436601	2
chr4	156942454	2
chr4	157459844	2
chr4	157967052	2
chr4	158481602	2
chr4	158997056	2
chr4	159529419	2
chr4	160044514	2
chr4	160557267	2
chr4	161086379	2
chr4	161606948	2
chr4	162121646	2
chr4	162632700	2
chr4	163140213	2
chr4	163649091	2
chr4	164165832	2
chr4	164683835	2
chr4	165213013	2
chr4	165743450	2
chr4	166289082	2
chr4	166795167	2
chr4	167308509	2
chr4	167842723	2
chr4	168371013	2
chr4	168886743	2
chr4	169399460	2
chr4	169905381	2
chr4	170413807	2
chr4	170937990	2
chr4	171473974	2
chr4	171989310	2
chr4	172495332	2
chr4	173004687	2
chr4	173514226	2
chr4	174021863	2
chr4	174530566	2
chr4	175045554	2
chr4	175554507	2
chr4	176071413	2
chr4	176586687	2
chr4	177091722	2
chr4	177599037	2
chr4	178110104	2
chr4	178616770	2
chr4	179136380	2
chr4	179643923	2
chr4	180156998	2
chr4	180671637	2
chr4	181179387	2
chr4	181684335	2
chr4	182196863	2
chr4	182711997	2
chr4	183219446	2
chr4	183733231	2
chr4	184249816	2
chr4	184761970	2
chr4	185273063	2
chr4	185782688	2
chr4	186292858	2
chr4	186797547	2
chr4	187318046	2
chr4	187832809	2
chr4	188355602	2
chr4	188871081	2
chr4	189390452	2
chr4	189906346	2
chr4	190435246	2
chr4	191154276	2
chr5	569749	4
chr5	1176418	4
chr5	1718463	4
chr5	2232647	4
chr5	2741220	4
chr5	3249103	4
chr5	3767516	4
chr5	4276126	4
chr5	4798017	4
chr5	5308890	4
chr5	5821125	4
chr5	6328144	4
chr5	6837483	4
chr5	7390442	4
chr5	7901980	4
chr5	8425303	4
chr5	8942776	4
chr5	9459986	4
chr5	9972749	4
chr5	10490145	4
chr5	11000769	4
chr5	11510054	4
chr5	12018930	4
chr5	12536991	4
chr5	13049268	4
chr5	13563859	4
chr5	14076730	4
chr5	14584096	4
chr5	15096089	4
chr5	15622192	4
chr5	16135790	4
chr5	16663033	4
chr5	17177081	4
chr5	17781896	4
chr5	18295581	4
chr5	18817069	4
chr5	19334915	4
chr5	19847803	4
chr5	20360848	4
chr5	21010119	4
chr5	21644300	4
chr5	22242383	4
chr5	22755900	4
chr5	23267224	4
chr5	23778666	4
chr5	24292028	4
chr5	24804879	4
chr5	25329995	4
chr5	25848670	4
chr5	26362431	4
chr5	26877381	4
chr5	27390273	4
chr5	27904660	4
chr5	28421298	4
chr5	28948378	4
chr5	29474134	4
chr5	29991566	4
chr5	30516024	4
chr5	31034446	4
chr5	31542216	4
chr5	32053706	4
chr5	32569528	4
chr5	33093975	4
chr5	33625206	4
chr5	34266070	4
chr5	34854643	4
chr5	35375206	4
chr5	35899533	4
chr5	36419041	4
chr5	36934706	4
chr5	37457753	4
chr5	37987898	4
chr5	38501884	4
chr5	39015413	4
chr5	39535504	4
chr5	40056168	4
chr5	40576956	4
chr5	41100698	4
chr5	41630769	4
chr5	42153039	4
chr5	42678713	4
chr5	43211147	4
chr5	43753192	4
chr5	44285803	4
chr5	44811501	4
chr5	45327741	4
chr5	45871734	4
chr5	50013540	4
chr5	50521789	4
chr5	51050350	4
chr5	51575107	4
chr5	52096785	4
chr5	52617495	4
chr5	53137585	4
chr5	53649385	4
chr5	54167146	4
chr5	54681400	4
chr5	55197569	4
chr5	55713977	4
chr5	56222547	4
chr5	56736685	4
chr5	57255205	2
chr5	57782700	2
chr5	58303392	2
chr5	58817586	2
chr5	59324527	2
chr5	59847522	2
chr5	60378664	2
chr5	60892467	2
chr5	61399805	2
chr5	61925859	2
chr5	62462611	2
chr5	62991479	2
chr5	63512286	2
chr5	64040708	2
chr5	64554734	2
chr5	65069856	2
chr5	65591685	2
chr5	66109180	2
chr5	66618327	2
chr5	67153071	2
chr5	67672720	2
chr5	68184886	2
chr5	68694938	2
chr5	71008173	2
chr5	71521218	2
chr5	72033962	2
chr5	72545294	2
chr5	73050541	2
chr5	73560131	2
chr5	74071856	2
chr5	74596262	2
chr5	75122905	2
chr5	75655037	2
chr5	76165520	2
chr5	76676741	2
chr5	77198885	2
chr5	77709722	2
chr5	78248536	2
chr5	78763798	2
chr5	79282212	2
chr5	79798599	2
chr5	80313390	2
chr5	80831483	2
chr5	81353869	2
chr5	81880583	2
chr5	82400061	2
chr5	82917957	2
chr5	83435017	2
chr5	83944620	2
chr5	84456331	2
chr5	84977483	2
chr5	85485533	2
chr5	86024380	2
chr5	86542894	2
chr5	87054206	2
chr5	87574368	2
chr5	88086219	2
chr5	88605072	2
chr5	89118644	2
chr5	89643595	2
chr5	90166969	2
chr5	90680208	2
chr5	91191794	2
chr5	91763772	2
chr5	92273355	2
chr5	92798193	2
chr5	93317013	2
chr5	93825734	2
chr5	94331894	2
chr5	94847741	2
chr5	95354801	2
chr5	95871474	2
chr5	96380518	2
chr5	96904055	2
chr5	97439431	2
chr5	97966235	2
chr5	98476009	2
chr5	99086766	2
chr5	99641643	2
chr5	100210512	2
chr5	100743538	2
chr5	101265084	2
chr5	101796438	2
chr5	102311943	2
chr5	102824656	2
chr5	103329384	2
chr5	103861055	2
chr5	104372825	2
chr5	104889118	2
chr5	105395541	2
chr5	105906159	2
chr5	106439959	2
chr5	106943006	2
chr5	107446418	2
chr5	107960842	2
chr5	108474458	2
chr5	109004624	2
chr5	109513496	2
chr5	110032552	2
chr5	110561487	2
chr5	111084961	2
chr5	111602649	2
chr5	112118104	2
chr5	112624501	2
chr5	113138740	2
chr5	113659698	2
chr5	114176883	2
chr5	114698229	2
chr5	115214064	2
chr5	115732994	2
chr5	116239722	2
chr5	116754193	2
chr5	117275703	2
chr5	117788351	2
chr5	118301211	2
chr5	118818035	2
chr5	119342983	2
chr5	119871595	2
chr5	120388933	2
chr5	120912381	2
chr5	121430422	2
chr5	121959743	2
chr5	122473544	2
chr5	122988988	2
chr5	123501278	2
chr5	124017412	2
chr5	124522732	2
chr5	125040374	2
chr5	125560012	2
chr5	126071989	2
chr5	126605365	2
chr5	127124161	2
chr5	127637472	2
chr5	128147448	2
chr5	128671862	2
chr5	129185818	2
chr5	129702627	2
chr5	130234223	2
chr5	130770597	2
chr5	131286200	2
chr5	131800196	2
chr5	132313588	2
chr5	132829416	2
chr5	133340826	2
chr5	133850241	2
chr5	134363352	2
chr5	134868101	2
chr5	135372805	2
chr5	135887296	2
chr5	136417501	2
chr5	136933025	2
chr5	137446834	2
chr5	137956612	2
chr5	138476206	2
chr5	139038971	2
chr5	139543563	2
chr5	140059513	2
chr5	140583159	2
chr5	141095823	2
chr5	141606283	2
chr5	142113868	2
chr5	142620787	2
chr5	143126760	2
chr5	143639637	2
chr5	144167489	2
chr5	144692339	2
chr5	145210668	2
chr5	145723307	2
chr5	146235353	2
chr5	146749024	2
chr5	147265878	2
chr5	147796021	2
chr5	148313708	2
chr5	148825588	2
chr5	149333265	2
chr5	149838071	2
chr5	150354402	2
chr5	150862211	2
chr5	151368773	2
chr5	151897610	2
chr5	152439670	2
chr5	152971103	2
chr5	153482580	2
chr5	153988943	2
chr5	154499180	2
chr5	155019992	2
chr5	155591678	2
chr5	156110634	2
chr5	156623214	2
chr5	157135308	2
chr5	157647634	2
chr5	158158633	2
chr5	158666168	2
chr5	159176386	2
chr5	159683957	2
chr5	160200736	2
chr5	160723135	2
chr5	161238252	2
chr5	161751982	2
chr5	162280558	2
chr5	162799575	2
chr5	163313370	2
chr5	163819782	2
chr5	164329888	2
chr5	164839167	2
chr5	165347868	2
chr5	165861921	2
chr5	166370197	2
chr5	166882229	2
chr5	167388260	2
chr5	167896995	2
chr5	168410947	2
chr5	168915121	2
chr5	169428132	2
chr5	169938637	2
chr5	170453489	2
chr5	170973718	2
chr5	171479760	2
chr5	171986857	2
chr5	172493224	2
chr5	173005225	2
chr5	173514537	2
chr5	174023519	2
chr5	174530511	2
chr5	175044432	2
chr5	175786914	2
chr5	176294703	2
chr5	176805858	2
chr5	177589869	2
chr5	178100049	2
chr5	178620086	2
chr5	179152740	2
chr5	179665215	2
chr5	180182098	2
chr5	180915260	2
chr6	655917	2
chr6	1166965	2
chr6	1681808	2
chr6	2192099	2
chr6	2705504	2
chr6	3226336	2
chr6	3732182	2
chr6	4243501	2
chr6	4755441	2
chr6	5265751	2
chr6	5773910	2
chr6	6313294	2
chr6	6822163	2
chr6	7330086	2
chr6	7834225	2
chr6	8347867	2
chr6	8862214	2
chr6	9371309	2
chr6	9892247	2
chr6	10404049	2
chr6	10911470	2
chr6	11421929	2
chr6	11932153	2
chr6	12437110	2
chr6	12949087	2
chr6	13455510	2
chr6	13961583	2
chr6	14468720	2
chr6	14977241	2
chr6	15485146	2
chr6	15993268	2
chr6	16506784	2
chr6	17017027	2
chr6	17525025	2
chr6	18033470	2
chr6	18543503	2
chr6	19055723	2
chr6	19580497	2
chr6	20098475	2
chr6	20605578	2
chr6	21112494	2
chr6	21622335	2
chr6	22131349	2
chr6	22649089	2
chr6	23160777	2
chr6	23673848	2
chr6	24199482	2
chr6	24709013	2
chr6	25224770	2
chr6	25729351	2
chr6	26234263	2
chr6	26931751	2
chr6	27463534	2
chr6	27975356	2
chr6	28487815	2
chr6	29004399	2
chr6	29526322	2
chr6	30042045	2
chr6	30564826	2
chr6	31074166	2
chr6	31595151	2
chr6	32170493	2
chr6	32693122	2
chr6	33199589	2
chr6	33710922	2
chr6	34216978	2
chr6	34727470	2
chr6	35235666	2
chr6	35748860	2
chr6	36256119	2
chr6	36761177	2
chr6	37269921	2
chr6	37775538	2
chr6	38284414	2
chr6	38790938	2
chr6	39295869	2
chr6	39814023	2
chr6	40319095	2
chr6	40822634	2
chr6	41332582	2
chr6	41838571	2
chr6	42348704	2
chr6	42858327	2
chr6	43367128	2
chr6	43874467	3
chr6	44379764	3
chr6	44912470	3
chr6	45432153	3
chr6	45943240	3
chr6	46461009	3
chr6	46969602	3
chr6	47485241	3
chr6	47993866	3
chr6	48512653	3
chr6	49024620	3
chr6	49545355	3
chr6	50059235	3
chr6	50572259	3
chr6	51098123	3
chr6	51609489	3
chr6	52135115	3
chr6	52652696	3
chr6	53172782	3
chr6	53690102	3
chr6	54195508	3
chr6	54712753	3
chr6	55237379	3
chr6	55751346	3
chr6	56262880	3
chr6	56781058	3
chr6	57301077	3
chr6	57920839	3
chr6	62489890	3
chr6	63004879	3
chr6	63526746	3
chr6	64046553	3
chr6	64566788	3
chr6	65087158	3
chr6	65609036	3
chr6	66135992	3
chr6	66655206	3
chr6	67170238	3
chr6	67690465	3
chr6	68206356	3
chr6	68720585	3
chr6	69234562	3
chr6	69748431	3
chr6	70277733	3
chr6	70792466	3
chr6	71304918	4
chr6	71834643	4
chr6	72353231	4
chr6	72874654	4
chr6	73394569	4
chr6	73911958	4
chr6	74430622	4
chr6	74971678	4
chr6	75504458	4
chr6	76026537	4
chr6	76535985	4
chr6	77061189	4
chr6	77580768	4
chr6	78109310	4
chr6	78657194	4
chr6	79171658	4
chr6	79706619	4
chr6	80226133	4
chr6	80736991	4
chr6	81260498	4
chr6	81800371	4
chr6	82335584	4
chr6	82855063	4
chr6	83387491	4
chr6	83899181	4
chr6	84425789	4
chr6	84946243	4
chr6	85475334	4
chr6	85991027	4
chr6	86520752	4
chr6	87071412	4
chr6	87622671	4
chr6	88144305	4
chr6	88652680	4
chr6	89179382	4
chr6	89695302	4
chr6	90208361	4
chr6	90713705	4
chr6	91225203	4
chr6	91735337	4
chr6	92250049	4
chr6	92762869	4
chr6	93267415	4
chr6	93784486	4
chr6	94292977	4
chr6	94812238	4
chr6	95325289	4
chr6	96009166	4
chr6	96532473	4
chr6	97043171	4
chr6	97554081	4
chr6	98063522	4
chr6	98582186	4
chr6	99098894	4
chr6	99615026	4
chr6	100134457	4
chr6	100668436	4
chr6	101182466	4
chr6	101705590	4
chr6	102211090	4
chr6	102735137	4
chr6	103254212	4
chr6	103766522	4
chr6	104291134	4
chr6	104803449	4
chr6	105331803	4
chr6	105847924	4
chr6	106362906	4
chr6	106871212	4
chr6	107381700	4
chr6	107895142	4
chr6	108412186	4
chr6	108927816	4
chr6	109441051	4
chr6	109965364	4
chr6	110491361	4
chr6	111002865	4
chr6	111515245	4
chr6	112024501	4
chr6	112537169	4
chr6	113057959	4
chr6	113580975	4
chr6	114093673	4
chr6	114598822	4
chr6	115115747	4
chr6	115662837	4
chr6	116174768	4
chr6	116692979	4
chr6	117215660	4
chr6	117742238	4
chr6	118263162	4
chr6	118780847	4
chr6	119288653	4
chr6	119799526	4
chr6	120305248	4
chr6	120823996	4
chr6	121357962	4
chr6	121878820	4
chr6	122393736	4
chr6	122910355	4
chr6	123428268	4
chr6	123944678	4
chr6	124448345	4
chr6	124964847	4
chr6	125492468	4
chr6	126008103	4
chr6	126519861	4
chr6	127044657	4
chr6	127561169	4
chr6	128077121	4
chr6	128585070	4
chr6	129094023	4
chr6	129625199	4
chr6	130132226	4
chr6	130640544	4
chr6	131157947	4
chr6	131677586	4
chr6	132205228	4
chr6	132713991	4
chr6	133220916	4
chr6	133739560	4
chr6	134256940	4
chr6	134763421	4
chr6	135271422	4
chr6	135777363	4
chr6	136289502	4
chr6	136808816	4
chr6	137318045	4
chr6	137823617	4
chr6	138333414	4
chr6	138842939	4
chr6	139351408	4
chr6	139867666	4
chr6	140374111	4
chr6	140885389	4
chr6	141396543	4
chr6	141911239	4
chr6	142445210	4
chr6	142958031	4
chr6	143465589	4
chr6	143973991	4
chr6	144484339	3
chr6	144990704	3
chr6	145501163	3
chr6	146018294	3
chr6	146534937	3
chr6	147050161	3
chr6	147556298	3
chr6	148063492	3
chr6	148579998	3
chr6	149090636	3
chr6	149598129	3
chr6	150104793	3
chr6	150627315	3
chr6	151135701	3
chr6	151645535	3
chr6	152154790	3
chr6	152669844	3
chr6	153180825	3
chr6	153693176	3
chr6	154202862	3
chr6	154712630	3
chr6	155218917	3
chr6	155726698	3
chr6	156231728	3
chr6	156755065	3
chr6	157266350	3
chr6	157872074	3
chr6	158380576	3
chr6	158893814	3
chr6	159405221	3
chr6	159914256	3
chr6	160430498	3
chr6	160950563	3
chr6	161507868	3
chr6	162017220	3
chr6	162523553	3
chr6	163030386	3
chr6	163545087	3
chr6	164048726	3
chr6	164554939	3
chr6	165065178	3
chr6	165593664	3
chr6	166108602	3
chr6	166614344	3
chr6	167124691	3
chr6	167665865	3
chr6	168299489	3
chr6	168812964	3
chr6	169330268	3
chr6	169850945	3
chr6	170412466	3
chr6	171115067	3
chr7	616340	4
chr7	1137763	4
chr7	1652130	4
chr7	2171997	4
chr7	2690902	4
chr7	3207949	4
chr7	3714112	4
chr7	4226939	4
chr7	4757946	4
chr7	5283223	4
chr7	5807387	4
chr7	6401863	4
chr7	7041480	4
chr7	7564798	4
chr7	8077532	4
chr7	8592617	4
chr7	9108149	4
chr7	9629491	4
chr7	10145580	4
chr7	10668196	4
chr7	11182391	4
chr7	11691922	4
chr7	12200565	4
chr7	12720817	4
chr7	13236110	4
chr7	13747734	4
chr7	14265651	4
chr7	14794725	4
chr7	15301239	4
chr7	15812837	4
chr7	16331951	4
chr7	16844189	4
chr7	17359517	4
chr7	17871496	4
chr7	18382406	4
chr7	18887158	4
chr7	19412467	4
chr7	19938866	4
chr7	20453438	4
chr7	20971336	4
chr7	21482713	4
chr7	21992327	4
chr7	22498350	4
chr7	23039440	4
chr7	23562100	4
chr7	24090606	4
chr7	24606070	4
chr7	25126580	4
chr7	25633887	4
chr7	26156751	4
chr7	26667917	4
chr7	27186784	4
chr7	27703732	4
chr7	28213816	4
chr7	28720679	4
chr7	29227950	4
chr7	29767350	4
chr7	30284535	4
chr7	30814152	2
chr7	31319235	2
chr7	31841997	2
chr7	32363361	2
chr7	32946079	2
chr7	33485203	2
chr7	33998267	2
chr7	34525792	2
chr7	35077470	2
chr7	35672138	2
chr7	36211621	2
chr7	36726088	2
chr7	37242769	2
chr7	37759758	2
chr7	38270696	2
chr7	38795850	2
chr7	39307138	2
chr7	39830078	2
chr7	40361864	2
chr7	40877044	2
chr7	41386837	2
chr7	41891352	2
chr7	42395718	2
chr7	42915991	2
chr7	43427534	2
chr7	43944024	2
chr7	44501236	2
chr7	45011087	2
chr7	45528862	2
chr7	46106041	2
chr7	46616110	2
chr7	47125861	2
chr7	47635389	2
chr7	48146503	2
chr7	48653813	2
chr7	49199940	2
chr7	49714788	2
chr7	50229467	2
chr7	50780888	2
chr7	51294581	2
chr7	51832280	2
chr7	52354269	2
chr7	52862966	2
chr7	53384005	2
chr7	53891355	2
chr7	54434300	2
chr7	54946874	2
chr7	55460316	2
chr7	56030973	2
chr7	56606483	2
chr7	57415806	2
chr7	62230804	2
chr7	62983267	2
chr7	63742156	2
chr7	64262516	2
chr7	64909268	2
chr7	65639069	2
chr7	66174084	2
chr7	66807758	2
chr7	67313596	2
chr7	67821353	2
chr7	68328359	2
chr7	68835394	2
chr7	69341221	2
chr7	69851963	2
chr7	70359032	2
chr7	70865478	2
chr7	71372065	2
chr7	71883494	2
chr7	72813300	2
chr7	73330276	2
chr7	73841598	2
chr7	75233635	2
chr7	75749900	2
chr7	76562116	2
chr7	77236402	2
chr7	77743081	2
chr7	78254322	2
chr7	78771467	2
chr7	79283056	2
chr7	79798420	2
chr7	80302546	2
chr7	80821060	2
chr7	81330545	2
chr7	81838338	2
chr7	82352918	2
chr7	82865323	2
chr7	83384509	2
chr7	83910799	2
chr7	84426719	2
chr7	84941639	2
chr7	85453841	2
chr7	85976231	2
chr7	86496166	2
chr7	87020956	2
chr7	87538631	2
chr7	88058988	2
chr7	88577263	2
chr7	89098820	2
chr7	89618715	2
chr7	90166910	2
chr7	90684957	2
chr7	91227245	2
chr7	91751551	2
chr7	92267338	2
chr7	92782919	2
chr7	93308824	2
chr7	93825012	2
chr7	94331023	2
chr7	94847647	2
chr7	95359522	2
chr7	95873519	2
chr7	96395004	2
chr7	96916122	2
chr7	97452041	2
chr7	98011368	2
chr7	98519109	2
chr7	99027346	2
chr7	99554029	2
chr7	100108053	2
chr7	100683248	2
chr7	101196124	2
chr7	101740274	2
chr7	102542240	2
chr7	103123547	2
chr7	103641190	2
chr7	104166792	2
chr7	104699905	2
chr7	105212622	2
chr7	105721288	2
chr7	106242599	2
chr7	106761685	2
chr7	107273387	2
chr7	107784815	2
chr7	108299294	2
chr7	108817880	2
chr7	109337081	2
chr7	109863760	2
chr7	110391019	2
chr7	110905648	2
chr7	111429615	2
chr7	111941315	2
chr7	112455701	2
chr7	112983217	2
chr7	113524537	2
chr7	114035905	2
chr7	114543792	2
chr7	115063239	2
chr7	115571276	2
chr7	116091047	2
chr7	116606772	2
chr7	117113025	2
chr7	117625873	2
chr7	118138240	2
chr7	118646971	2
chr7	119161588	2
chr7	119685434	2
chr7	120195372	2
chr7	120705540	2
chr7	121224259	2
chr7	121734129	2
chr7	122252982	2
chr7	122773757	2
chr7	123294894	2
chr7	123812372	2
chr7	124326994	2
chr7	124843651	2
chr7	125356142	2
chr7	125869643	2
chr7	126386612	2
chr7	126911457	2
chr7	127423983	2
chr7	127931897	2
chr7	128514546	2
chr7	129023806	2
chr7	129533144	2
chr7	130042477	2
chr7	130660299	2
chr7	131167042	2
chr7	131677063	2
chr7	132182151	2
chr7	132694479	2
chr7	133205311	3
chr7	133716681	3
chr7	134225184	3
chr7	134735381	3
chr7	135245377	3
chr7	135754005	3
chr7	136270603	3
chr7	136794491	3
chr7	137317185	3
chr7	137825721	3
chr7	138339999	3
chr7	138850851	3
chr7	139365359	3
chr7	139899465	3
chr7	140418307	3
chr7	140942245	3
chr7	141448912	3
chr7	141978086	3
chr7	142591027	3
chr7	143105552	3
chr7	144111713	3
chr7	144625741	3
chr7	145146417	3
chr7	145661984	3
chr7	146189353	3
chr7	146712934	3
chr7	147221457	3
chr7	147739360	3
chr7	148254324	3
chr7	148765070	3
chr7	149283588	3
chr7	150018086	3
chr7	150551039	3
chr7	151055798	3
chr7	151561953	3
chr7	152097731	3
chr7	152664578	3
chr7	153184111	3
chr7	153871675	3
chr7	154482005	3
chr7	154988477	3
chr7	155501828	3
chr7	156007292	3
chr7	156517548	3
chr7	157034448	3
chr7	157557700	3
chr7	158077639	3
chr7	158602166	3
chr7	159138663	3
chr8	712782	3
chr8	1248339	3
chr8	1792290	3
chr8	2336312	3
chr8	2845690	3
chr8	3366232	3
chr8	3871743	3
chr8	4379490	3
chr8	4887441	3
chr8	5400994	3
chr8	5909235	3
chr8	6425798	3
chr8	7008052	3
chr8	8475675	3
chr8	8983826	3
chr8	9495430	3
chr8	10011195	3
chr8	10519491	3
chr8	11031156	3
chr8	11539250	3
chr8	12565601	3
chr8	13073615	3
chr8	13585566	3
chr8	14092457	3
chr8	14607694	3
chr8	15118232	3
chr8	15634800	3
chr8	16145883	3
chr8	16661643	3
chr8	17176625	3
chr8	17680992	3
chr8	18186733	3
chr8	18698110	3
chr8	19203502	3
chr8	19708521	3
chr8	20221301	3
chr8	20730305	3
chr8	21235881	3
chr8	21746557	3
chr8	22251757	3
chr8	22757133	3
chr8	23271818	3
chr8	23782758	3
chr8	24290809	3
chr8	24810189	3
chr8	25320285	3
chr8	25838803	3
chr8	26347796	3
chr8	26856798	3
chr8	27371426	3
chr8	27880830	3
chr8	28386201	3
chr8	28899371	3
chr8	29412458	3
chr8	29919810	3
chr8	30427326	3
chr8	30937197	3
chr8	31459034	3
chr8	31975155	3
chr8	32482695	3
chr8	32991608	3
chr8	33503995	3
chr8	34023928	3
chr8	34540722	3
chr8	35054017	3
chr8	35568200	3
chr8	36079410	3
chr8	36604546	3
chr8	37110142	3
chr8	37618782	3
chr8	38128122	3
chr8	38634790	3
chr8	39147913	3
chr8	39659007	3
chr8	40173776	3
chr8	40694133	3
chr8	41204596	3
chr8	41716116	3
chr8	42223458	3
chr8	42736000	3
chr8	43277939	3
chr8	47380974	3
chr8	47919357	3
chr8	48475707	3
chr8	48989206	3
chr8	49511376	3
chr8	50031846	3
chr8	50545112	3
chr8	51064086	3
chr8	51579687	3
chr8	52102932	3
chr8	52621794	3
chr8	53135103	3
chr8	53643174	3
chr8	54155336	3
chr8	54684011	3
chr8	55201883	3
chr8	55719756	3
chr8	56233817	3
chr8	56757057	3
chr8	57277117	3
chr8	57797513	3
chr8	58321916	3
chr8	58833751	3
chr8	59349709	3
chr8	59867535	3
chr8	60383787	3
chr8	60908103	3
chr8	61424351	3
chr8	61933482	3
chr8	62460579	3
chr8	62977684	3
chr8	63492461	3
chr8	64009354	3
chr8	64526905	3
chr8	65048854	3
chr8	65568365	3
chr8	66087679	3
chr8	66604807	3
chr8	67114883	3
chr8	67630018	3
chr8	68144134	3
chr8	68664524	3
chr8	69176639	3
chr8	69705564	3
chr8	70230794	3
chr8	70747292	3
chr8	71262456	3
chr8	71795876	3
chr8	72302202	3
chr8	72832175	3
chr8	73350994	3
chr8	73874559	3
chr8	74389186	3
chr8	74901016	3
chr8	75421840	3
chr8	75946238	3
chr8	76471458	3
chr8	76987586	3
chr8	77505772	3
chr8	78022830	3
chr8	78536633	3
chr8	79051171	3
chr8	79564475	3
chr8	80078335	3
chr8	80597937	3
chr8	81115100	3
chr8	81632931	3
chr8	82146219	3
chr8	82662470	3
chr8	83178400	3
chr8	83695084	3
chr8	84204737	3
chr8	84725270	5
chr8	85245483	5
chr8	85780893	5
chr8	86299766	5
chr8	87091937	5
chr8	87604800	5
chr8	88117886	5
chr8	88662377	5
chr8	89181571	5
chr8	89696559	5
chr8	90225616	5
chr8	90768974	5
chr8	91284907	5
chr8	91801438	5
chr8	92314957	5
chr8	92848938	5
chr8	93369681	5
chr8	93886665	5
chr8	94393013	5
chr8	94914154	5
chr8	95432435	5
chr8	95941553	5
chr8	96456729	5
chr8	96981701	5
chr8	97498393	5
chr8	98011195	5
chr8	98538600	5
chr8	99054766	5
chr8	99568700	5
chr8	100113104	5
chr8	100637576	5
chr8	101162885	5
chr8	101674184	5
chr8	102188116	5
chr8	102707957	5
chr8	103227453	5
chr8	103738895	5
chr8	104245481	5
chr8	104762302	5
chr8	105281448	5
chr8	105801725	5
chr8	106309720	5
chr8	106825556	5
chr8	107340988	5
chr8	107850602	5
chr8	108365454	5
chr8	108878146	5
chr8	109406607	5
chr8	109918208	5
chr8	110435559	5
chr8	110954447	5
chr8	111469228	5
chr8	111980420	5
chr8	112490277	5
chr8	113002561	5
chr8	113514287	5
chr8	114028873	5
chr8	114544693	5
chr8	115070558	5
chr8	115601836	5
chr8	116116297	5
chr8	116628445	5
chr8	117140917	5
chr8	117654997	5
chr8	118163935	5
chr8	118681792	5
chr8	119188700	5
chr8	119701947	5
chr8	120223644	5
chr8	120757964	5
chr8	121270979	5
chr8	121789785	5
chr8	122309188	5
chr8	122828193	5
chr8	123348951	5
chr8	123855880	5
chr8	124363780	5
chr8	124870008	5
chr8	125381416	5
chr8	125892896	5
chr8	126402118	5
chr8	126916667	5
chr8	127437995	5
chr8	127951030	5
chr8	128479198	5
chr8	128988715	5
chr8	129504605	5
chr8	130041356	5
chr8	130556182	5
chr8	131069139	5
chr8	131574436	5
chr8	132083865	5
chr8	132612131	5
chr8	133139591	5
chr8	133648850	5
chr8	134155678	5
chr8	134662471	5
chr8	135180050	5
chr8	135694149	5
chr8	136200933	5
chr8	136715605	5
chr8	137242371	5
chr8	137754941	5
chr8	138274671	5
chr8	138786493	5
chr8	139312694	5
chr8	139829166	5
chr8	140336539	5
chr8	140844226	5
chr8	141352023	5
chr8	141866702	5
chr8	142377337	5
chr8	142978002	5
chr8	143485826	5
chr8	144003462	5
chr8	144517074	5
chr8	145029631	5
chr8	145777882	5
chr8	146364022	5
chr9	672692	2
chr9	1183283	2
chr9	1712478	2
chr9	2230092	2
chr9	2738114	2
chr9	3252103	2
chr9	3766377	2
chr9	4276384	2
chr9	4794087	2
chr9	5322416	2
chr9	5843166	2
chr9	6375724	2
chr9	6893784	2
chr9	7402492	2
chr9	7915139	2
chr9	8433742	2
chr9	8937903	2
chr9	9449863	2
chr9	9963934	2
chr9	10478495	2
chr9	11000583	2
chr9	11510273	2
chr9	12031303	2
chr9	12547159	2
chr9	13062391	2
chr9	13573716	2
chr9	14086160	2
chr9	14591723	2
chr9	15115250	2
chr9	15638694	2
chr9	16164895	2
chr9	16672882	2
chr9	17181073	2
chr9	17709019	2
chr9	18231756	2
chr9	18749143	2
chr9	19264113	2
chr9	19784689	2
chr9	20310122	2
chr9	20825116	2
chr9	21351172	2
chr9	21870831	2
chr9	22396440	2
chr9	22920606	2
chr9	23435106	2
chr9	23944602	2
chr9	24468191	2
chr9	24991103	2
chr9	25510803	2
chr9	26021206	2
chr9	26537591	2
chr9	27050377	2
chr9	27562917	2
chr9	28074065	2
chr9	28606202	2
chr9	29121792	2
chr9	29635365	2
chr9	30147200	2
chr9	30666663	2
chr9	31188870	2
chr9	31708893	2
chr9	32246454	2
chr9	32767132	2
chr9	33279808	2
chr9	33848540	2
chr9	34362325	2
chr9	34892396	2
chr9	35410639	2
chr9	35918008	2
chr9	36426922	2
chr9	36936330	2
chr9	37446063	2
chr9	37953635	2
chr9	38461148	2
chr9	47204890	2
chr9	69841029	3
chr9	71441009	3
chr9	71948990	3
chr9	72484679	3
chr9	72999872	3
chr9	73540923	3
chr9	74051363	3
chr9	74557584	3
chr9	75070994	3
chr9	75579675	3
chr9	76085356	3
chr9	76592885	3
chr9	77111165	3
chr9	77615549	3
chr9	78132060	3
chr9	78646379	3
chr9	79158730	3
chr9	79670519	3
chr9	80185770	3
chr9	80700873	3
chr9	81215023	3
chr9	81734248	3
chr9	82255586	3
chr9	82770229	3
chr9	83291376	3
chr9	83809739	3
chr9	84325330	3
chr9	84867697	3
chr9	85382743	3
chr9	85906938	3
chr9	86413261	3
chr9	86962372	3
chr9	87471790	3
chr9	87982716	3
chr9	88535493	3
chr9	89059340	3
chr9	89570827	3
chr9	90084517	3
chr9	90619678	3
chr9	91156909	3
chr9	91666456	3
chr9	92177035	3
chr9	92935561	3
chr9	93458036	3
chr9	93970764	3
chr9	94484610	3
chr9	95012675	3
chr9	95526213	3
chr9	96044516	3
chr9	96556816	3
chr9	97124748	3
chr9	97683154	3
chr9	98191304	3
chr9	98700646	3
chr9	99209342	3
chr9	99810497	3
chr9	100356148	3
chr9	100863882	3
chr9	101376717	3
chr9	101880251	3
chr9	102388689	3
chr9	102902424	2
chr9	103420016	2
chr9	103951828	2
chr9	104462928	2
chr9	104988277	2
chr9	105501920	2
chr9	106017959	2
chr9	106541016	2
chr9	107056483	2
chr9	107567293	2
chr9	108072603	2
chr9	108611494	2
chr9	109128901	2
chr9	109644370	2
chr9	110152082	2
chr9	110659557	2
chr9	111167375	2
chr9	111683827	2
chr9	112187892	2
chr9	112697818	2
chr9	113222916	2
chr9	113734759	2
chr9	114249036	2
chr9	114759196	2
chr9	115263347	2
chr9	115775528	2
chr9	116329413	2
chr9	116833206	2
chr9	117341542	2
chr9	117847917	2
chr9	118360689	2
chr9	118877136	2
chr9	119386858	2
chr9	119898904	2
chr9	120401286	2
chr9	120909682	2
chr9	121418093	2
chr9	121930251	2
chr9	122446115	2
chr9	122957886	2
chr9	123471064	2
chr9	123979817	2
chr9	124488146	2
chr9	124995275	2
chr9	125518271	2
chr9	126030682	2
chr9	126535777	2
chr9	127049975	2
chr9	127552984	2
chr9	128066467	2
chr9	128577370	2
chr9	129083138	2
chr9	129587025	2
chr9	130096806	2
chr9	130601771	2
chr9	131109778	2
chr9	131621417	2
chr9	132129260	2
chr9	132633511	2
chr9	133289129	2
chr9	133797273	2
chr9	134307608	2
chr9	134814634	2
chr9	135320433	2
chr9	135827276	2
chr9	136347157	2
chr9	136852666	2
chr9	137419018	2
chr9	137927936	2
chr9	138437565	2
chr9	138963550	2
chr9	139519697	2
chr9	140029248	2
chr9	140546659	2
chr9	141213431	2
chr10	626480	1
chr10	1149034	1
chr10	1679533	1
chr10	2192465	1
chr10	2703494	1
chr10	3212859	1
chr10	3723283	1
chr10	4230285	1
chr10	4737026	1
chr10	5301918	1
chr10	5810933	1
chr10	6320975	1
chr10	6855177	1
chr10	7381095	1
chr10	7889697	1
chr10	8397958	1
chr10	8904972	1
chr10	9417347	1
chr10	9935673	1
chr10	10453293	1
chr10	10972955	1
chr10	11481095	1
chr10	11997123	1
chr10	12511969	1
chr10	13024976	1
chr10	13544229	1
chr10	14051486	1
chr10	14559406	1
chr10	15083173	1
chr10	15593330	1
chr10	16114249	1
chr10	16628352	1
chr10	17137523	1
chr10	17650927	1
chr10	18585379	1
chr10	19099953	1
chr10	19625863	1
chr10	20143527	1
chr10	20660198	1
chr10	21194456	1
chr10	21708867	1
chr10	22224856	1
chr10	22750065	1
chr10	23267209	1
chr10	23780457	1
chr10	24308540	1
chr10	24823917	1
chr10	25338518	1
chr10	25868966	1
chr10	26390708	1
chr10	26904044	1
chr10	27423920	1
chr10	27950567	1
chr10	28468994	1
chr10	28978761	1
chr10	29487796	1
chr10	30013078	1
chr10	30520587	1
chr10	31043641	2
chr10	31563613	2
chr10	32097284	2
chr10	32614022	2
chr10	33155463	2
chr10	33670429	2
chr10	34186263	2
chr10	34695554	2
chr10	35202925	2
chr10	35715817	2
chr10	36236791	2
chr10	36758103	2
chr10	37275994	2
chr10	37838695	2
chr10	38373098	2
chr10	43054579	2
chr10	43585896	2
chr10	44097974	2
chr10	44617303	2
chr10	45145662	2
chr10	45661513	2
chr10	46223896	2
chr10	48370974	2
chr10	49557170	2
chr10	50063391	2
chr10	50574099	2
chr10	51255503	2
chr10	52327417	2
chr10	52904200	2
chr10	53420103	2
chr10	53934817	2
chr10	54454690	2
chr10	54967907	2
chr10	55488521	2
chr10	56008667	2
chr10	56525193	2
chr10	57036928	2
chr10	57557966	2
chr10	58073003	2
chr10	58594295	2
chr10	59101804	2
chr10	59617613	2
chr10	60131712	2
chr10	60652546	2
chr10	61164811	2
chr10	61686812	2
chr10	62190833	2
chr10	62701063	3
chr10	63211969	3
chr10	63718750	3
chr10	64225424	3
chr10	64749770	3
chr10	65255337	3
chr10	65772611	3
chr10	66290631	3
chr10	66803914	3
chr10	67318529	3
chr10	67827585	3
chr10	68342323	3
chr10	68852736	3
chr10	69387124	3
chr10	69911214	3
chr10	70419818	3
chr10	70929118	3
chr10	71435483	3
chr10	71942243	3
chr10	72454686	3
chr10	72960378	3
chr10	73462634	3
chr10	73971356	3
chr10	74485400	3
chr10	74997900	3
chr10	75548454	3
chr10	76060448	3
chr10	76570769	3
chr10	77077044	3
chr10	77589839	3
chr10	78101883	3
chr10	78630607	3
chr10	79133502	3
chr10	79640969	3
chr10	80156332	3
chr10	80665461	3
chr10	81169187	3
chr10	81889542	3
chr10	82429529	3
chr10	82949360	3
chr10	83460045	3
chr10	83980670	3
chr10	84491131	3
chr10	84997975	3
chr10	85514430	3
chr10	86031740	3
chr10	86562392	3
chr10	87078614	3
chr10	87603138	3
chr10	88114858	3
chr10	88624082	3
chr10	89431424	3
chr10	89938344	2
chr10	90451112	2
chr10	90956398	2
chr10	91468226	2
chr10	91994136	2
chr10	92512553	2
chr10	93025164	2
chr10	93570531	2
chr10	94080728	2
chr10	94592903	2
chr10	95099892	2
chr10	95610131	2
chr10	96122531	2
chr10	96660527	2
chr10	97194554	2
chr10	97711019	2
chr10	98217757	2
chr10	98728924	2
chr10	99239001	2
chr10	99749018	2
chr10	100260949	2
chr10	100800128	2
chr10	101319667	2
chr10	101845460	2
chr10	102364121	2
chr10	102870799	2
chr10	103377687	2
chr10	103885386	2
chr10	104395868	2
chr10	104907212	2
chr10	105416990	2
chr10	105920856	2
chr10	106430502	2
chr10	106943343	2
chr10	107465478	2
chr10	107985090	2
chr10	108492565	2
chr10	109005124	2
chr10	109513642	2
chr10	110025624	2
chr10	110544180	2
chr10	111067662	2
chr10	111608159	2
chr10	112114936	2
chr10	112621555	2
chr10	113132318	2
chr10	113656694	2
chr10	114179928	2
chr10	114686121	2
chr10	115190318	2
chr10	115698328	2
chr10	116203658	2
chr10	116710087	2
chr10	117232550	2
chr10	117747178	2
chr10	118256801	2
chr10	118763947	2
chr10	119274698	2
chr10	119783744	2
chr10	120288554	2
chr10	120800461	2
chr10	121310127	2
chr10	121820606	2
chr10	122337507	2
chr10	122858182	2
chr10	123363754	2
chr10	123870816	2
chr10	124401506	2
chr10	124919187	2
chr10	125425017	2
chr10	125978923	2
chr10	126484103	2
chr10	126993803	2
chr10	127506716	2
chr10	128021150	2
chr10	128535055	2
chr10	129196789	2
chr10	129707613	2
chr10	130214259	2
chr10	130718176	2
chr10	131222684	2
chr10	131733530	2
chr10	132245933	2
chr10	132756094	2
chr10	133264016	2
chr10	133878882	2
chr10	134393369	2
chr10	134912310	2
chr10	135534747	2
chr11	703549	2
chr11	1268284	2
chr11	1796502	2
chr11	2303767	2
chr11	2816039	2
chr11	3405158	2
chr11	4008961	2
chr11	4644085	2
chr11	5156723	2
chr11	5694011	2
chr11	6231812	2
chr11	6738911	2
chr11	7268482	2
chr11	7795785	2
chr11	8323785	2
chr11	8841578	2
chr11	9355259	2
chr11	9873222	2
chr11	10395524	2
chr11	10906595	2
chr11	11418013	2
chr11	11927794	2
chr11	12438831	2
chr11	12944164	2
chr11	13456031	2
chr11	13992303	2
chr11	14511119	2
chr11	15055915	2
chr11	15564903	2
chr11	16068789	2
chr11	16590239	2
chr11	17111691	2
chr11	17622396	2
chr11	18127969	2
chr11	18650595	2
chr11	19177392	2
chr11	19691684	2
chr11	20199295	2
chr11	20713022	2
chr11	21225659	0
chr11	21745610	0
chr11	22264324	0
chr11	22789918	0
chr11	23315204	0
chr11	23836546	0
chr11	24359834	0
chr11	24871090	0
chr11	25399891	0
chr11	25934449	0
chr11	26450072	0
chr11	26962981	0
chr11	27488463	0
chr11	28006175	0
chr11	28538772	0
chr11	29049883	0
chr11	29573131	0
chr11	30098495	0
chr11	30610851	0
chr11	31121493	0
chr11	31644008	1
chr11	32160479	1
chr11	32671976	1
chr11	33194726	1
chr11	33711681	1
chr11	34220520	1
chr11	34731566	1
chr11	35248999	1
chr11	35762801	1
chr11	36275801	1
chr11	36799459	1
chr11	37314304	1
chr11	37828950	1
chr11	38344608	1
chr11	38855615	1
chr11	39372311	1
chr11	39901246	1
chr11	40418727	1
chr11	40937733	1
chr11	41448355	1
chr11	41961888	1
chr11	42484016	1
chr11	43011816	1
chr11	43537707	1
chr11	44052758	1
chr11	44560776	1
chr11	45069652	1
chr11	45579477	1
chr11	46088669	1
chr11	46598924	1
chr11	47113792	1
chr11	47625511	1
chr11	48135060	1
chr11	48718485	1
chr11	49379434	1
chr11	50045496	1
chr11	50614694	1
chr11	55338950	1
chr11	55884035	1
chr11	56406185	1
chr11	56937921	1
chr11	57443546	1
chr11	57971958	1
chr11	58496723	1
chr11	59026730	1
chr11	59548171	1
chr11	60065720	1
chr11	60599231	2
chr11	61156834	2
chr11	61663818	2
chr11	62189036	2
chr11	62701844	2
chr11	63264635	2
chr11	63780261	2
chr11	64290574	2
chr11	64798994	2
chr11	65310687	2
chr11	65821352	2
chr11	66334680	2
chr11	66850242	2
chr11	67360409	2
chr11	67992464	2
chr11	68506086	2
chr11	69016057	2
chr11	69571452	2
chr11	70129884	2
chr11	70638655	2
chr11	71147629	2
chr11	71796935	2
chr11	72309936	2
chr11	72824360	2
chr11	73331361	2
chr11	73848454	2
chr11	74369315	2
chr11	74895613	2
chr11	75403780	2
chr11	75921288	2
chr11	76432312	2
chr11	76954587	2
chr11	77467758	2
chr11	78003618	2
chr11	78518010	2
chr11	79024952	2
chr11	79538105	2
chr11	80047161	2
chr11	80559371	2
chr11	81065704	2
chr11	81577622	2
chr11	82104385	2
chr11	82615529	2
chr11	83131324	2
chr11	83652989	2
chr11	84168949	2
chr11	84679315	2
chr11	85205248	2
chr11	85721034	2
chr11	86234159	2
chr11	86771739	2
chr11	87294565	2
chr11	87877370	2
chr11	88396546	2
chr11	88991262	2
chr11	89907812	2
chr11	90433337	2
chr11	90956016	2
chr11	91472676	2
chr11	91995852	2
chr11	92507312	2
chr11	93029633	2
chr11	93550699	2
chr11	94090544	2
chr11	94610485	2
chr11	95125568	2
chr11	95649720	2
chr11	96163457	2
chr11	96838128	2
chr11	97355872	2
chr11	97866840	2
chr11	98385497	2
chr11	98901968	2
chr11	99412477	2
chr11	99939943	2
chr11	100471387	2
chr11	100983958	2
chr11	101499465	2
chr11	102030244	2
chr11	102548879	2
chr11	103068776	2
chr11	103581330	2
chr11	104103289	2
chr11	104613051	2
chr11	105128581	2
chr11	105636643	2
chr11	106147628	2
chr11	106661169	2
chr11	107178035	2
chr11	107696632	2
chr11	108211861	2
chr11	108736814	2
chr11	109259454	2
chr11	109784657	2
chr11	110301165	2
chr11	110817929	2
chr11	111326621	2
chr11	111832374	2
chr11	112349544	2
chr11	112860349	2
chr11	113368146	2
chr11	113885029	2
chr11	114394714	2
chr11	114921009	2
chr11	115425532	2
chr11	115941819	2
chr11	116452057	2
chr11	116961548	2
chr11	117481132	2
chr11	117988806	2
chr11	118497568	2
chr11	119017173	2
chr11	119525161	2
chr11	120032266	2
chr11	120537123	2
chr11	121048505	2
chr11	121559869	2
chr11	122080475	2
chr11	122593874	2
chr11	123105525	2
chr11	123612088	2
chr11	124127972	2
chr11	124647328	2
chr11	125160072	2
chr11	125679612	2
chr11	126192691	2
chr11	126702008	2
chr11	127208300	2
chr11	127728027	2
chr11	128245655	2
chr11	128751681	2
chr11	129269816	2
chr11	129792891	2
chr11	130307063	2
chr11	130821622	2
chr11	131340183	2
chr11	131849183	2
chr11	132368419	2
chr11	132873410	2
chr11	133381065	2
chr11	133902622	2
chr11	134423445	2
chr11	135006516	2
chr12	675764	2
chr12	1189813	2
chr12	1705327	2
chr12	2220083	2
chr12	2734648	2
chr12	3252079	2
chr12	3770330	2
chr12	4286863	2
chr12	4804476	2
chr12	5320474	2
chr12	5838096	2
chr12	6359572	2
chr12	6873066	2
chr12	7442078	2
chr12	7976301	2
chr12	8620020	2
chr12	9149438	2
chr12	9794928	2
chr12	10310397	2
chr12	10849290	2
chr12	11370009	2
chr12	11916813	2
chr12	12436197	2
chr12	12952824	2
chr12	13465128	2
chr12	13981468	2
chr12	14495994	2
chr12	15010490	2
chr12	15522179	2
chr12	16031271	2
chr12	16546456	2
chr12	17058165	2
chr12	17579383	2
chr12	18117722	2
chr12	18635424	2
chr12	19150691	2
chr12	19661272	2
chr12	20178374	2
chr12	20688606	2
chr12	21213820	2
chr12	21753783	2
chr12	22271636	2
chr12	22806413	2
chr12	23328924	2
chr12	23846230	2
chr12	24354103	2
chr12	24865776	2
chr12	25375581	2
chr12	25902161	2
chr12	26413463	2
chr12	26926955	2
chr12	27455751	2
chr12	27972688	2
chr12	28488413	2
chr12	29012117	2
chr12	29529843	2
chr12	30057088	2
chr12	30579291	2
chr12	31101138	2
chr12	31692567	2
chr12	32212341	2
chr12	32730697	2
chr12	33247406	2
chr12	33778280	2
chr12	34330298	2
chr12	38408976	2
chr12	38946087	2
chr12	39472446	2
chr12	39993768	2
chr12	40523181	2
chr12	41029023	2
chr12	41543512	2
chr12	42056644	2
chr12	42591229	2
chr12	43104622	2
chr12	43613642	2
chr12	44136248	2
chr12	44658465	2
chr12	45175034	2
chr12	45695190	2
chr12	46207913	2
chr12	46720362	2
chr12	47240591	2
chr12	47760946	2
chr12	48274180	2
chr12	48788572	2
chr12	49317290	2
chr12	49828425	2
chr12	50336734	2
chr12	50845189	2
chr12	51355354	2
chr12	51866653	2
chr12	52387169	2
chr12	52904043	2
chr12	53410486	2
chr12	53921755	2
chr12	54428376	2
chr12	54954820	2
chr12	55488627	2
chr12	56053832	2
chr12	56563672	2
chr12	57077235	2
chr12	57599760	2
chr12	58112815	2
chr12	58636297	2
chr12	59155147	2
chr12	59672620	2
chr12	60193228	2
chr12	60704304	2
chr12	61220463	2
chr12	61754329	2
chr12	62271936	2
chr12	62785264	2
chr12	63291924	2
chr12	63808279	2
chr12	64411053	2
chr12	64931200	2
chr12	65442287	2
chr12	65956574	2
chr12	66464016	4
chr12	66988646	4
chr12	67491773	4
chr12	68002489	4
chr12	68523924	4
chr12	69030531	4
chr12	69543417	4
chr12	70051310	4
chr12	70586026	4
chr12	71100386	4
chr12	71622806	4
chr12	72128511	4
chr12	72637781	4
chr12	73159213	4
chr12	73687895	4
chr12	74204290	4
chr12	74721173	4
chr12	75235812	4
chr12	75749467	4
chr12	76260671	4
chr12	76773784	4
chr12	77278387	4
chr12	77794156	4
chr12	78310647	4
chr12	78820226	4
chr12	79331283	4
chr12	79846422	4
chr12	80357932	4
chr12	80899053	4
chr12	81409909	4
chr12	81923964	4
chr12	82435839	4
chr12	82951194	4
chr12	83460684	4
chr12	83976301	4
chr12	84509775	4
chr12	85017955	4
chr12	85522306	4
chr12	86036486	4
chr12	86544634	4
chr12	87063018	4
chr12	87595839	4
chr12	88121293	4
chr12	88638352	4
chr12	89156708	4
chr12	89667403	4
chr12	90174733	4
chr12	90684115	4
chr12	91199341	4
chr12	91705268	4
chr12	92212886	4
chr12	92725299	4
chr12	93237386	4
chr12	93747626	4
chr12	94259190	4
chr12	94768876	4
chr12	95279220	4
chr12	95786831	4
chr12	96305346	4
chr12	96822293	4
chr12	97340834	4
chr12	97847839	4
chr12	98380815	4
chr12	98887091	4
chr12	99393063	4
chr12	99904557	4
chr12	100416417	4
chr12	100923805	4
chr12	101434754	4
chr12	101960586	4
chr12	102466597	4
chr12	102983416	4
chr12	103497243	4
chr12	104019876	4
chr12	104530829	4
chr12	105042366	4
chr12	105554305	4
chr12	106077257	4
chr12	106587022	4
chr12	107106403	4
chr12	107616122	4
chr12	108125224	4
chr12	108630037	4
chr12	109135239	4
chr12	109694731	4
chr12	110197680	4
chr12	110704679	4
chr12	111213670	4
chr12	111719313	4
chr12	112227869	4
chr12	112742402	4
chr12	113254354	4
chr12	113759120	4
chr12	114262025	4
chr12	114767594	4
chr12	115274787	4
chr12	115783094	4
chr12	116285050	4
chr12	116786900	4
chr12	117291218	4
chr12	117796195	4
chr12	118302423	4
chr12	118811945	4
chr12	119323277	4
chr12	119831508	4
chr12	120337440	4
chr12	120848094	4
chr12	121356007	4
chr12	121865109	4
chr12	122376625	4
chr12	122937284	4
chr12	123459067	4
chr12	123968299	4
chr12	124475970	4
chr12	124982026	4
chr12	125487294	4
chr12	125995049	4
chr12	126502496	4
chr12	127015336	4
chr12	127521555	4
chr12	128030976	4
chr12	128540597	4
chr12	129048980	4
chr12	129563476	4
chr12	130079154	4
chr12	130591133	4
chr12	131099033	4
chr12	131609106	4
chr12	132179935	4
chr12	132694214	4
chr12	133317115	4
chr12	133851895	4
chr13	19805569	2
chr13	20393514	2
chr13	20900943	1
chr13	21409316	1
chr13	21929580	1
chr13	22447064	1
chr13	22958937	1
chr13	23478829	1
chr13	23998239	1
chr13	24512862	1
chr13	25040625	1
chr13	25592103	1
chr13	26104865	1
chr13	26615579	1
chr13	27123002	1
chr13	27631884	1
chr13	28139534	1
chr13	28644856	1
chr13	29149646	1
chr13	29666256	1
chr13	30176940	1
chr13	30692631	1
chr13	31207838	1
chr13	31716236	1
chr13	32241173	1
chr13	32748636	1
chr13	33256005	1
chr13	33763902	1
chr13	34273294	1
chr13	34784709	1
chr13	35300176	1
chr13	35813579	1
chr13	36326301	1
chr13	36837770	1
chr13	37350785	1
chr13	37869113	1
chr13	38375513	1
chr13	38904477	1
chr13	39408895	1
chr13	39920333	1
chr13	40431751	1
chr13	40945124	1
chr13	41474797	1
chr13	41988981	2
chr13	42516925	2
chr13	43034744	2
chr13	43553254	2
chr13	44061252	2
chr13	44579921	2
chr13	45087215	2
chr13	45596248	2
chr13	46109319	2
chr13	46625833	2
chr13	47161570	2
chr13	47669941	2
chr13	48185876	2
chr13	48718509	2
chr13	49234246	2
chr13	49754412	2
chr13	50265906	2
chr13	50783052	2
chr13	51298030	2
chr13	51817397	2
chr13	52340618	2
chr13	52947969	2
chr13	53542356	2
chr13	54052775	2
chr13	54562587	2
chr13	55077552	2
chr13	55586354	2
chr13	56098636	2
chr13	56610824	2
chr13	57121024	2
chr13	57637970	2
chr13	58185432	2
chr13	58693729	2
chr13	59206263	2
chr13	59721366	2
chr13	60228357	2
chr13	60740657	2
chr13	61253299	2
chr13	61776989	2
chr13	62289630	2
chr13	62796575	2
chr13	63301243	2
chr13	63811685	2
chr13	64350637	2
chr13	64894993	2
chr13	65399333	2
chr13	65905389	2
chr13	66415839	2
chr13	66935474	2
chr13	67448095	2
chr13	67955151	2
chr13	68472081	2
chr13	68985943	2
chr13	69490875	2
chr13	69997460	2
chr13	70513422	2
chr13	71024687	2
chr13	71529368	2
chr13	72038314	2
chr13	72545529	2
chr13	73058397	2
chr13	73570424	2
chr13	74079690	2
chr13	74590275	2
chr13	75106689	2
chr13	75622433	2
chr13	76134829	2
chr13	76650067	2
chr13	77164621	2
chr13	77676854	2
chr13	78189042	2
chr13	78708775	2
chr13	79222866	2
chr13	79735589	2
chr13	80247798	2
chr13	80774346	2
chr13	81285832	2
chr13	81801354	2
chr13	82314542	2
chr13	82838437	2
chr13	83347783	2
chr13	83854348	2
chr13	84361864	2
chr13	84874315	2
chr13	85381706	2
chr13	85892916	2
chr13	86400767	2
chr13	87070131	2
chr13	87584231	2
chr13	88098697	2
chr13	88607235	2
chr13	89118341	2
chr13	89630595	2
chr13	90140848	2
chr13	90644150	2
chr13	91152628	2
chr13	91668707	2
chr13	92177688	2
chr13	92690598	2
chr13	93204639	2
chr13	93726745	2
chr13	94242246	2
chr13	94749436	2
chr13	95261261	2
chr13	95772120	2
chr13	96280368	2
chr13	96803359	2
chr13	97313276	2
chr13	97827691	2
chr13	98346449	2
chr13	98860994	2
chr13	99366645	2
chr13	99876314	2
chr13	100384997	2
chr13	100897121	2
chr13	101412240	2
chr13	101926639	2
chr13	102440921	2
chr13	102950547	2
chr13	103459005	2
chr13	103964213	2
chr13	104475596	2
chr13	104983562	2
chr13	105492906	2
chr13	106005403	2
chr13	106516214	2
chr13	107031084	2
chr13	107539885	2
chr13	108051801	2
chr13	108561545	2
chr13	109075185	2
chr13	109590495	2
chr13	110102736	2
chr13	110611871	2
chr13	111121342	2
chr13	111636494	2
chr13	112152325	2
chr13	112809595	2
chr13	113351447	2
chr13	113867289	2
chr13	114483842	2
chr13	115169878	2
chr14	20496943	2
chr14	21035681	2
chr14	21563729	2
chr14	22075892	2
chr14	22591208	2
chr14	23106561	2
chr14	23625404	2
chr14	24136386	2
chr14	24696785	2
chr14	25221700	2
chr14	25743089	2
chr14	26264857	2
chr14	26786394	2
chr14	27304610	3
chr14	27818745	3
chr14	28361943	3
chr14	28888812	3
chr14	29398226	3
chr14	29913168	3
chr14	30426116	3
chr14	30942947	3
chr14	31463205	3
chr14	31976330	3
chr14	32498859	3
chr14	33018199	3
chr14	33529500	3
chr14	34038294	3
chr14	34546445	3
chr14	35084902	3
chr14	35599568	3
chr14	36113214	3
chr14	36634967	3
chr14	37151907	3
chr14	37667318	3
chr14	38187572	3
chr14	38714769	3
chr14	39229642	3
chr14	39751762	3
chr14	40290247	3
chr14	40812925	3
chr14	41333040	3
chr14	41857792	3
chr14	42373422	3
chr14	42893277	3
chr14	43403576	3
chr14	43942383	3
chr14	44461062	3
chr14	44985466	3
chr14	45513589	3
chr14	46041247	3
chr14	46571900	3
chr14	47099357	3
chr14	47615311	3
chr14	48127122	3
chr14	48644734	3
chr14	49185377	3
chr14	49701740	3
chr14	50213468	3
chr14	50726831	3
chr14	51236445	3
chr14	51750268	3
chr14	52273032	3
chr14	52789687	3
chr14	53306186	3
chr14	53826005	3
chr14	54334749	3
chr14	54856010	2
chr14	55367025	2
chr14	55877651	2
chr14	56388842	2
chr14	56907394	2
chr14	57428259	2
chr14	57950411	2
chr14	58470653	2
chr14	58986148	2
chr14	59495025	2
chr14	60012138	2
chr14	60533883	2
chr14	61053162	2
chr14	61584765	2
chr14	62091552	2
chr14	62601319	2
chr14	63130953	2
chr14	63650493	2
chr14	64160057	2
chr14	64669140	2
chr14	65178369	2
chr14	65688075	2
chr14	66199818	2
chr14	66722579	2
chr14	67242852	2
chr14	67760732	2
chr14	68268769	2
chr14	68783848	2
chr14	69291656	2
chr14	69797293	2
chr14	70304578	2
chr14	70818200	2
chr14	71342739	2
chr14	71863014	2
chr14	72380837	2
chr14	72898018	2
chr14	73403368	2
chr14	73914592	2
chr14	74441292	2
chr14	74950974	2
chr14	75459222	2
chr14	75966850	2
chr14	76474018	2
chr14	76977884	2
chr14	77493721	2
chr14	77999495	4
chr14	78509290	4
chr14	79016130	4
chr14	79520800	4
chr14	80040676	4
chr14	80565213	4
chr14	81077310	4
chr14	81593684	4
chr14	82105262	4
chr14	82616832	4
chr14	83128445	4
chr14	83634025	4
chr14	84147093	4
chr14	84654185	4
chr14	85160770	4
chr14	85666122	4
chr14	86173736	4
chr14	86707586	4
chr14	87230743	4
chr14	87739483	4
chr14	88258279	4
chr14	88767146	4
chr14	89283691	4
chr14	89790858	4
chr14	90298611	4
chr14	90813078	4
chr14	91320379	4
chr14	91827534	4
chr14	92347174	4
chr14	92856497	4
chr14	93371625	4
chr14	93879457	4
chr14	94390384	4
chr14	94897683	4
chr14	95405420	4
chr14	95911689	4
chr14	96416503	4
chr14	96924922	4
chr14	97432500	4
chr14	97939142	4
chr14	98444303	4
chr14	98950523	4
chr14	99458592	4
chr14	99963783	4
chr14	100467903	4
chr14	100976094	4
chr14	101482699	4
chr14	101993624	4
chr14	102504889	4
chr14	103017512	4
chr14	103527558	4
chr14	104036277	4
chr14	104545029	4
chr14	105055990	4
chr14	105570046	4
chr14	106154174	4
chr14	106741772	4
chr14	107349540	4
chr15	22322302	1
chr15	23022341	1
chr15	23966275	1
chr15	24526176	1
chr15	25117176	1
chr15	25628463	1
chr15	26134446	1
chr15	26639365	1
chr15	27146241	1
chr15	27655581	1
chr15	28160292	1
chr15	29140282	1
chr15	29699071	1
chr15	30208222	1
chr15	31295513	1
chr15	31800331	1
chr15	32368926	1
chr15	33299126	1
chr15	33806493	1
chr15	34316589	1
chr15	34921208	1
chr15	35430031	1
chr15	35946907	1
chr15	36455050	1
chr15	36969631	1
chr15	37476327	1
chr15	38014059	1
chr15	38522988	1
chr15	39030829	1
chr15	39552493	1
chr15	40063775	1
chr15	40574799	1
chr15	41085092	1
chr15	41593366	1
chr15	42104030	1
chr15	42611050	1
chr15	43118321	1
chr15	43635748	1
chr15	44271187	1
chr15	44793025	1
chr15	45377200	1
chr15	45887209	1
chr15	46404287	1
chr15	46922747	1
chr15	47444680	1
chr15	47956866	1
chr15	48460273	1
chr15	48964025	1
chr15	49470026	1
chr15	50000968	1
chr15	50519335	1
chr15	51025637	1
chr15	51545334	1
chr15	52064597	1
chr15	52573163	1
chr15	53084845	1
chr15	53604889	1
chr15	54125463	1
chr15	54636398	1
chr15	55150875	1
chr15	55681485	1
chr15	56193030	1
chr15	56726164	1
chr15	57242005	1
chr15	57745227	1
chr15	58251316	1
chr15	58765165	1
chr15	59269524	1
chr15	59775703	1
chr15	60286545	1
chr15	60794616	1
chr15	61302802	1
chr15	61808548	1
chr15	62324303	1
chr15	62835846	1
chr15	63340584	1
chr15	63847097	1
chr15	64357428	1
chr15	64871347	1
chr15	65381151	1
chr15	65889639	1
chr15	66396609	1
chr15	66904517	1
chr15	67410698	1
chr15	67920435	1
chr15	68427699	1
chr15	68932613	1
chr15	69443145	1
chr15	69950989	1
chr15	70455600	1
chr15	70962817	1
chr15	71489460	1
chr15	72001255	1
chr15	72515678	1
chr15	73066533	1
chr15	73577285	1
chr15	74091788	1
chr15	74636091	1
chr15	75145841	1
chr15	75707232	1
chr15	76236928	1
chr15	76748674	1
chr15	77269746	1
chr15	77788949	1
chr15	78325232	1
chr15	78835888	1
chr15	79368122	1
chr15	79880491	1
chr15	80399444	1
chr15	80904265	1
chr15	81410132	1
chr15	81918474	1
chr15	82463445	1
chr15	83608138	1
chr15	84129694	1
chr15	84643070	1
chr15	85387950	1
chr15	85976830	1
chr15	86491029	1
chr15	86998958	1
chr15	87517964	1
chr15	88045865	1
chr15	88562298	1
chr15	89070391	1
chr15	89593620	1
chr15	90100226	1
chr15	90616160	1
chr15	91125055	1
chr15	91634578	1
chr15	92153414	1
chr15	92658520	1
chr15	93171614	1
chr15	93684755	1
chr15	94200430	1
chr15	94718479	1
chr15	95224202	1
chr15	95731130	1
chr15	96233857	1
chr15	96736932	1
chr15	97244653	1
chr15	97753139	1
chr15	98282728	1
chr15	98794873	1
chr15	99300994	1
chr15	99808044	1
chr15	100318469	1
chr15	100850757	1
chr15	101377863	1
chr15	101885997	1
chr15	102531392	1
chr16	597224	4
chr16	1112478	4
chr16	1639952	4
chr16	2151673	4
chr16	2778776	4
chr16	3291591	4
chr16	3801689	4
chr16	4308971	4
chr16	4815163	4
chr16	5353146	4
chr16	5859581	4
chr16	6364487	4
chr16	6868301	4
chr16	7371265	4
chr16	7877496	4
chr16	8387893	4
chr16	8947965	4
chr16	9459483	4
chr16	9976974	4
chr16	10486180	4
chr16	10993880	4
chr16	11499291	4
chr16	12006045	4
chr16	12535609	4
chr16	13040969	4
chr16	13552175	4
chr16	14056784	4
chr16	14568350	4
chr16	15594833	4
chr16	16100328	4
chr16	17080053	4
chr16	17586170	4
chr16	18099261	4
chr16	19156697	4
chr16	19661968	4
chr16	20167514	4
chr16	20763174	4
chr16	21277983	4
chr16	22123690	4
chr16	22796999	4
chr16	23303090	4
chr16	23812177	4
chr16	24316785	4
chr16	24822659	4
chr16	25329128	4
chr16	25837354	4
chr16	26343185	4
chr16	26853811	4
chr16	27358186	4
chr16	27862240	4
chr16	28498794	4
chr16	29294090	4
chr16	30059875	4
chr16	30700994	4
chr16	31212193	4
chr16	31746276	4
chr16	32818338	4
chr16	34209948	4
chr16	34745441	2
chr16	46964199	2
chr16	47493504	2
chr16	48024404	2
chr16	48543780	2
chr16	49063196	2
chr16	49579618	2
chr16	50087815	2
chr16	50599530	2
chr16	51108025	2
chr16	51625496	2
chr16	52138356	2
chr16	52653488	2
chr16	53164450	2
chr16	53685435	2
chr16	54200430	2
chr16	54711166	2
chr16	55218537	2
chr16	55732229	2
chr16	56276091	2
chr16	56791888	2
chr16	57302246	2
chr16	57812121	2
chr16	58321691	2
chr16	58836123	2
chr16	59366722	2
chr16	59897364	2
chr16	60422291	2
chr16	60948271	2
chr16	61461399	2
chr16	61985042	2
chr16	62495675	2
chr16	63007770	2
chr16	63540356	2
chr16	64050502	2
chr16	64562451	2
chr16	65070925	2
chr16	65597372	2
chr16	66111271	2
chr16	66623881	2
chr16	67137548	2
chr16	67648656	2
chr16	68161794	2
chr16	68679355	2
chr16	69191699	2
chr16	69707428	2
chr16	70386879	2
chr16	70931670	2
chr16	71450083	2
chr16	71966375	2
chr16	72487345	2
chr16	73011590	2
chr16	73518547	2
chr16	74032097	2
chr16	74624492	2
chr16	75135674	2
chr16	75654364	2
chr16	76183237	2
chr16	76699494	2
chr16	77210230	2
chr16	77721756	2
chr16	78231494	2
chr16	78738246	2
chr16	79245054	2
chr16	79754294	2
chr16	80272308	2
chr16	80785700	2
chr16	81296631	2
chr16	81807477	2
chr16	82327963	2
chr16	82835902	2
chr16	83342273	2
chr16	83857266	2
chr16	84367053	2
chr16	84878607	2
chr16	85387760	2
chr16	85902254	2
chr16	86425977	2
chr16	86937305	2
chr16	87445860	2
chr16	87972422	2
chr16	88608605	2
chr16	89125509	2
chr16	89647794	2
chr16	90354753	2
chr17	650932	2
chr17	1183821	2
chr17	1709146	2
chr17	2225258	2
chr17	2746046	2
chr17	3339505	2
chr17	3866014	2
chr17	4381222	2
chr17	4901399	2
chr17	5426910	2
chr17	5946343	2
chr17	6459707	2
chr17	6986431	2
chr17	7504970	2
chr17	8019447	2
chr17	8534748	2
chr17	9048378	2
chr17	9569254	2
chr17	10084952	2
chr17	10602166	2
chr17	11117640	2
chr17	11630677	2
chr17	12153650	2
chr17	12674189	2
chr17	13186519	2
chr17	13699487	2
chr17	14242667	2
chr17	14757921	2
chr17	15273919	2
chr17	15965410	3
chr17	16485221	3
chr17	17138506	3
chr17	17654458	3
chr17	18168014	3
chr17	19198886	3
chr17	19718395	3
chr17	20266408	3
chr17	21031408	3
chr17	21679488	3
chr17	25820577	3
chr17	26338965	2
chr17	26851771	2
chr17	27360795	2
chr17	27870686	2
chr17	28387026	2
chr17	28899909	2
chr17	29493953	2
chr17	30006682	2
chr17	30577163	2
chr17	31091953	2
chr17	31610619	2
chr17	32115703	2
chr17	32643225	2
chr17	33145792	2
chr17	33661176	2
chr17	34175624	2
chr17	35002631	2
chr17	35506306	2
chr17	36013575	2
chr17	36680871	2
chr17	37193751	2
chr17	37703221	2
chr17	38208370	2
chr17	38715906	2
chr17	39223041	2
chr17	39752101	2
chr17	40262058	2
chr17	40778950	2
chr17	41291414	2
chr17	41804487	2
chr17	42320089	2
chr17	42828803	2
chr17	43337555	2
chr17	43957852	2
chr17	44878143	2
chr17	45417321	2
chr17	45992038	2
chr17	46497635	2
chr17	47003219	2
chr17	47514736	2
chr17	48019927	2
chr17	48525327	2
chr17	49029400	2
chr17	49540390	2
chr17	50049077	2
chr17	50563774	2
chr17	51072841	2
chr17	51581931	2
chr17	52097402	2
chr17	52608373	2
chr17	53119670	2
chr17	53631962	2
chr17	54149484	2
chr17	54663642	2
chr17	55168919	2
chr17	55672696	2
chr17	56179063	2
chr17	56687098	2
chr17	57200049	2
chr17	57732351	2
chr17	58326545	2
chr17	58840769	2
chr17	59363614	2
chr17	59871106	2
chr17	60423601	2
chr17	60978167	2
chr17	61482423	2
chr17	62003881	2
chr17	62558206	2
chr17	63167564	2
chr17	63671792	2
chr17	64179265	2
chr17	64690000	2
chr17	65196041	2
chr17	65704365	2
chr17	66225101	2
chr17	66744135	2
chr17	67260606	2
chr17	67775354	2
chr17	68281332	2
chr17	68797371	2
chr17	69303953	2
chr17	69812486	2
chr17	70316820	2
chr17	70822919	2
chr17	71330210	2
chr17	71836800	2
chr17	72340361	2
chr17	72844962	2
chr17	73358479	2
chr17	73866421	2
chr17	74376598	2
chr17	74889285	2
chr17	75395734	2
chr17	75904381	2
chr17	76412291	2
chr17	76918302	2
chr17	77421664	2
chr17	78042158	2
chr17	78553853	2
chr17	79062805	2
chr17	79567555	2
chr17	80127230	2
chr17	80639529	2
chr17	81195210	2
chr18	601193	2
chr18	1128858	2
chr18	1659474	2
chr18	2179233	2
chr18	2703192	2
chr18	3224732	2
chr18	3745464	2
chr18	4260332	2
chr18	4787207	2
chr18	5312529	2
chr18	5835711	2
chr18	6356459	2
chr18	6876114	2
chr18	7396581	2
chr18	7920414	2
chr18	8445153	2
chr18	8969922	2
chr18	9493251	2
chr18	10011480	2
chr18	10527460	2
chr18	11082044	2
chr18	11598821	2
chr18	12161754	2
chr18	12715969	0
chr18	13239882	0
chr18	13761485	0
chr18	14421560	0
chr18	19033931	0
chr18	19548954	0
chr18	20056960	0
chr18	20587532	0
chr18	21101977	0
chr18	21609727	0
chr18	22119908	0
chr18	22639298	0
chr18	23149390	0
chr18	23660058	0
chr18	24175173	0
chr18	24688779	0
chr18	25211496	0
chr18	25726233	0
chr18	26249513	0
chr18	26764210	0
chr18	27273238	0
chr18	27786789	0
chr18	28293522	0
chr18	28802333	0
chr18	29315368	0
chr18	29835911	0
chr18	30348330	0
chr18	30865933	0
chr18	31382523	0
chr18	31898058	0
chr18	32421887	0
chr18	32943211	0
chr18	33466091	4
chr18	33984811	4
chr18	34493688	4
chr18	35016062	4
chr18	35536059	4
chr18	36044023	4
chr18	36549050	4
chr18	37060555	4
chr18	37579408	4
chr18	38095608	4
chr18	38605441	4
chr18	39111932	4
chr18	39628434	4
chr18	40140817	4
chr18	40657119	4
chr18	41175242	4
chr18	41692957	4
chr18	42210626	4
chr18	42723421	4
chr18	43235321	4
chr18	43755414	4
chr18	44261976	4
chr18	44789905	4
chr18	45312268	4
chr18	45821162	3
chr18	46330897	3
chr18	46854365	3
chr18	47376821	3
chr18	47898681	3
chr18	48406901	3
chr18	48918247	3
chr18	49438687	3
chr18	49952750	3
chr18	50458536	3
chr18	50975682	3
chr18	51494488	3
chr18	52018705	3
chr18	52683264	3
chr18	53189649	3
chr18	53709068	2
chr18	54227888	2
chr18	54738633	2
chr18	55255543	2
chr18	55770846	2
chr18	56281160	2
chr18	56793979	2
chr18	57311204	2
chr18	57830631	2
chr18	58347740	2
chr18	58861741	2
chr18	59379124	2
chr18	59894316	2
chr18	60404032	2
chr18	60918068	2
chr18	61434778	2
chr18	61953915	2
chr18	62473568	2
chr18	62986514	2
chr18	63498531	2
chr18	64004778	2
chr18	64517037	2
chr18	65030212	2
chr18	65540931	2
chr18	66054707	2
chr18	66575934	2
chr18	67085641	2
chr18	67602891	2
chr18	68118663	2
chr18	68647034	2
chr18	69163080	2
chr18	69675913	2
chr18	70186977	2
chr18	70702106	2
chr18	71220029	2
chr18	71733886	2
chr18	72240629	2
chr18	72800766	2
chr18	73306358	2
chr18	73819688	2
chr18	74329678	2
chr18	74845293	2
chr18	75368530	2
chr18	75926407	2
chr18	76444313	2
chr18	76966856	2
chr18	77492768	2
chr18	78077248	2
chr19	781843	3
chr19	1303452	3
chr19	1820308	3
chr19	2337973	3
chr19	2857689	3
chr19	3377265	3
chr19	3892712	3
chr19	4411748	3
chr19	4932684	3
chr19	5446784	3
chr19	5968216	3
chr19	6483009	3
chr19	7001340	3
chr19	7642135	3
chr19	8156600	3
chr19	8748559	3
chr19	9314070	3
chr19	9837508	3
chr19	10351416	3
chr19	10867151	3
chr19	11382204	3
chr19	11900977	3
chr19	12434565	3
chr19	12964704	3
chr19	13477554	3
chr19	13993599	3
chr19	14528608	3
chr19	15050166	3
chr19	15563810	3
chr19	16094949	3
chr19	16607962	3
chr19	17123043	3
chr19	17636998	3
chr19	18155201	3
chr19	18668799	3
chr19	19181353	3
chr19	19693732	3
chr19	20223078	3
chr19	20846065	3
chr19	21377725	3
chr19	21901436	3
chr19	22446689	3
chr19	23001425	3
chr19	23530481	3
chr19	24061298	3
chr19	28271345	3
chr19	28802227	2
chr19	29326593	2
chr19	29849866	2
chr19	30366867	2
chr19	30889819	2
chr19	31402029	2
chr19	31911587	2
chr19	32423116	2
chr19	32934660	2
chr19	33462286	2
chr19	33981428	2
chr19	34491624	2
chr19	35009583	2
chr19	35542396	2
chr19	36058319	2
chr19	36574803	2
chr19	37143176	2
chr19	37675494	2
chr19	38235765	2
chr19	38760206	2
chr19	39284431	2
chr19	39808342	2
chr19	40333784	2
chr19	40891333	2
chr19	41431896	2
chr19	41965648	2
chr19	42488844	2
chr19	43003078	2
chr19	43657351	2
chr19	44243099	2
chr19	44764641	2
chr19	45292975	2
chr19	45812924	2
chr19	46330073	2
chr19	46850437	2
chr19	47368781	2
chr19	47890465	2
chr19	48464191	2
chr19	48981174	2
chr19	49501063	2
chr19	50036305	2
chr19	50556148	2
chr19	51136182	2
chr19	51652873	2
chr19	52173934	2
chr19	52695054	2
chr19	53221532	2
chr19	53763593	2
chr19	54304363	2
chr19	54842915	2
chr19	55409612	2
chr19	55938026	2
chr19	56470019	2
chr19	57000462	2
chr19	57517826	2
chr19	58040610	2
chr19	58575740	2
chr19	59128983	2
chr20	583614	3
chr20	1094791	3
chr20	1623019	3
chr20	2137197	3
chr20	2654570	3
chr20	3174468	3
chr20	3697528	3
chr20	4216903	3
chr20	4741971	3
chr20	5260782	3
chr20	5787940	3
chr20	6308873	3
chr20	6820971	3
chr20	7344329	3
chr20	7858504	3
chr20	8377830	3
chr20	8899425	3
chr20	9412185	3
chr20	9931799	3
chr20	10446718	3
chr20	10958615	3
chr20	11469450	3
chr20	11987874	3
chr20	12521363	3
chr20	13053708	3
chr20	13572223	3
chr20	14090016	3
chr20	14611466	3
chr20	15126554	3
chr20	15640835	3
chr20	16154172	3
chr20	16668287	3
chr20	17191827	3
chr20	17705714	3
chr20	18223123	3
chr20	18751966	3
chr20	19279189	3
chr20	19796441	3
chr20	20312590	3
chr20	20823993	3
chr20	21340298	3
chr20	21858300	3
chr20	22399595	3
chr20	22915307	3
chr20	23438516	3
chr20	23993011	3
chr20	24507090	3
chr20	25032844	3
chr20	25560648	3
chr20	30154486	3
chr20	30661454	3
chr20	31169145	3
chr20	31676660	3
chr20	32187714	3
chr20	32694859	2
chr20	33212058	2
chr20	33723428	2
chr20	34233268	2
chr20	34743571	2
chr20	35299218	2
chr20	35816517	2
chr20	36319597	2
chr20	36823854	2
chr20	37332674	2
chr20	37838367	2
chr20	38351627	2
chr20	38868994	2
chr20	39381264	2
chr20	39891449	2
chr20	40403265	2
chr20	40916581	2
chr20	41429918	2
chr20	41935633	2
chr20	42454901	2
chr20	42962758	2
chr20	43467326	2
chr20	43972917	2
chr20	44494085	2
chr20	44996732	2
chr20	45500253	2
chr20	46004537	2
chr20	46536243	2
chr20	47046504	2
chr20	47561288	2
chr20	48070556	2
chr20	48577120	2
chr20	49083371	2
chr20	49591001	2
chr20	50093486	2
chr20	50600546	2
chr20	51104987	2
chr20	51611326	2
chr20	52130778	2
chr20	52642888	2
chr20	53151653	2
chr20	53670280	2
chr20	54186843	2
chr20	54711089	2
chr20	55219850	2
chr20	55722968	2
chr20	56227195	2
chr20	56728881	2
chr20	57233047	2
chr20	57738056	2
chr20	58248934	2
chr20	58754122	2
chr20	59262680	2
chr20	59768170	2
chr20	60275987	2
chr20	60788641	2
chr20	61392465	2
chr20	61897873	2
chr20	62409371	2
chr20	63025520	2
chr21	10833865	0
chr21	14904688	0
chr21	15660565	0
chr21	16175554	0
chr21	16694468	0
chr21	17202862	0
chr21	17722397	0
chr21	18239316	0
chr21	18779601	0
chr21	19299648	0
chr21	19811137	0
chr21	20329533	0
chr21	20844189	0
chr21	21357475	0
chr21	21868196	0
chr21	22375398	0
chr21	22881759	0
chr21	23392165	0
chr21	23901828	0
chr21	24418057	0
chr21	24925630	0
chr21	25434177	0
chr21	25943742	0
chr21	26454735	0
chr21	26960878	0
chr21	27475601	0
chr21	27985143	0
chr21	28495253	0
chr21	29007810	0
chr21	29581776	2
chr21	30094780	2
chr21	30606336	2
chr21	31115732	2
chr21	31622843	2
chr21	32132050	2
chr21	32642402	2
chr21	33151104	2
chr21	33665722	2
chr21	34179392	2
chr21	34686487	2
chr21	35198272	2
chr21	35710279	2
chr21	36217308	2
chr21	36725660	2
chr21	37240058	2
chr21	37752646	2
chr21	38263474	2
chr21	38778194	2
chr21	39288991	2
chr21	39797418	2
chr21	40306593	2
chr21	40815086	2
chr21	41325300	2
chr21	41849808	2
chr21	42363488	2
chr21	42873704	2
chr21	43433138	2
chr21	43940671	2
chr21	44455926	2
chr21	45020233	2
chr21	45529558	2
chr21	46045218	2
chr21	46558724	2
chr21	47072427	2
chr21	47588017	2
chr21	48129895	2
chr22	17458116	2
chr22	17985867	2
chr22	18503944	2
chr22	19247260	2
chr22	19756020	2
chr22	20269485	2
chr22	21185584	5
chr22	22093723	5
chr22	22640755	5
chr22	23195127	5
chr22	23728291	5
chr22	24265551	5
chr22	24858241	5
chr22	25412922	5
chr22	25960611	5
chr22	26474602	5
chr22	26983113	5
chr22	27492272	5
chr22	27998008	5
chr22	28514449	5
chr22	29045350	5
chr22	29566980	5
chr22	30090456	5
chr22	30600057	5
chr22	31109840	5
chr22	31626770	5
chr22	32140580	5
chr22	32658081	5
chr22	33179411	5
chr22	33690548	5
chr22	34198833	5
chr22	34705637	5
chr22	35239020	2
chr22	35749720	2
chr22	36262146	2
chr22	36779495	2
chr22	37287597	2
chr22	37793165	2
chr22	38304542	2
chr22	38834508	2
chr22	39345827	2
chr22	39869241	2
chr22	40379394	2
chr22	40887450	2
chr22	41405150	2
chr22	41919195	2
chr22	42433015	2
chr22	42976173	2
chr22	43491761	2
chr22	43999285	2
chr22	44508331	2
chr22	45017756	2
chr22	45527493	2
chr22	46039585	2
chr22	46545958	2
chr22	47057475	2
chr22	47566820	2
chr22	48078854	2
chr22	48585535	2
chr22	49094378	2
chr22	49609038	2
chr22	50119258	2
chr22	50680817	2
chr22	51304566	2
chrX	3224652	2
chrX	3865036	2
chrX	4376917	2
chrX	4891927	2
chrX	5405286	2
chrX	5919604	2
chrX	6431988	2
chrX	6965036	2
chrX	7477479	2
chrX	8049008	2
chrX	8578306	2
chrX	9097030	2
chrX	9611764	2
chrX	10119415	2
chrX	10637369	2
chrX	11216083	2
chrX	11742244	2
chrX	12264720	2
chrX	12782179	2
chrX	13308029	2
chrX	13824132	2
chrX	14352297	2
chrX	14876566	2
chrX	15396796	2
chrX	15911651	2
chrX	16443833	2
chrX	16962080	2
chrX	17488926	2
chrX	18005866	2
chrX	18527565	2
chrX	19040849	2
chrX	19565581	2
chrX	20079851	2
chrX	20595177	2
chrX	21129058	2
chrX	21648895	2
chrX	22159507	2
chrX	22672816	2
chrX	23190824	2
chrX	23721526	2
chrX	24240162	2
chrX	24757440	2
chrX	25269324	2
chrX	25791601	2
chrX	26323739	2
chrX	26844775	2
chrX	27364718	2
chrX	27880504	2
chrX	28403875	2
chrX	28924145	2
chrX	29439757	2
chrX	29948872	2
chrX	30474992	2
chrX	30995606	2
chrX	31513360	2
chrX	32032752	2
chrX	32545511	2
chrX	33058429	2
chrX	33573069	2
chrX	34081623	2
chrX	34602516	2
chrX	35112255	2
chrX	35628484	2
chrX	36139044	2
chrX	36667767	2
chrX	37250880	2
chrX	37798400	2
chrX	38307771	2
chrX	38823615	2
chrX	39336480	2
chrX	39844588	2
chrX	40354743	2
chrX	40865283	2
chrX	41378673	2
chrX	41903985	2
chrX	42428200	2
chrX	42955927	2
chrX	43474015	2
chrX	43993245	2
chrX	44510218	2
chrX	45028770	2
chrX	45537578	2
chrX	46060045	2
chrX	46589604	2
chrX	47100866	2
chrX	47618369	2
chrX	48214735	2
chrX	48791667	2
chrX	49503270	2
chrX	50092643	2
chrX	50604368	2
chrX	51150352	2
chrX	51747642	2
chrX	53053339	2
chrX	53571565	3
chrX	54107113	3
chrX	54632202	3
chrX	55201604	3
chrX	55794174	3
chrX	56346268	3
chrX	56929599	3
chrX	57477115	3
chrX	58029709	3
chrX	62250166	3
chrX	62910929	3
chrX	63455113	3
chrX	64015183	3
chrX	64558669	3
chrX	65093039	3
chrX	65629454	3
chrX	66174918	3
chrX	66718998	3
chrX	67253483	3
chrX	67784906	3
chrX	68306116	3
chrX	68830166	3
chrX	69371035	3
chrX	69907172	3
chrX	70442403	3
chrX	71096054	3
chrX	71611570	3
chrX	72405144	3
chrX	72953068	3
chrX	73478126	3
chrX	74008136	3
chrX	74564719	3
chrX	75119421	3
chrX	75689421	3
chrX	76245774	3
chrX	76843829	3
chrX	77363284	3
chrX	77904409	3
chrX	78427435	3
chrX	78946675	3
chrX	79490631	3
chrX	80026118	3
chrX	80561796	3
chrX	81091017	3
chrX	81615257	3
chrX	82139734	3
chrX	82664759	3
chrX	83202866	3
chrX	83715609	3
chrX	84241067	3
chrX	84770179	3
chrX	85299790	3
chrX	85833337	3
chrX	86351036	3
chrX	86880015	3
chrX	87404784	3
chrX	87922180	3
chrX	88436787	3
chrX	89586611	3
chrX	90575948	3
chrX	91515108	3
chrX	92531641	3
chrX	93047833	3
chrX	93563841	3
chrX	94077146	3
chrX	94592126	3
chrX	95114411	3
chrX	95648508	3
chrX	96173919	3
chrX	96683946	3
chrX	97205910	3
chrX	97727621	3
chrX	98252193	3
chrX	98768451	3
chrX	99288070	3
chrX	99822923	3
chrX	100338187	3
chrX	100877676	3
chrX	101419558	3
chrX	102227299	3
chrX	102757148	3
chrX	103329460	3
chrX	103853005	3
chrX	104400164	3
chrX	104912644	3
chrX	105442074	3
chrX	105988859	3
chrX	106515627	3
chrX	107034266	3
chrX	107556630	3
chrX	108074795	3
chrX	108613891	3
chrX	109146567	3
chrX	109663661	3
chrX	110193709	3
chrX	110701319	3
chrX	111234673	3
chrX	111767972	3
chrX	112296403	3
chrX	112823928	3
chrX	113340407	3
chrX	113914832	3
chrX	114446751	3
chrX	115007197	3
chrX	115538761	3
chrX	116120764	3
chrX	116644321	3
chrX	117193487	3
chrX	117715268	3
chrX	118226889	3
chrX	118750005	3
chrX	119358706	3
chrX	119875311	3
chrX	120509694	3
chrX	121038517	3
chrX	121564975	3
chrX	122083322	3
chrX	122597172	3
chrX	123115538	3
chrX	123632308	3
chrX	124148296	3
chrX	124665529	3
chrX	125190497	3
chrX	125730125	3
chrX	126247977	3
chrX	126791522	3
chrX	127307252	3
chrX	127822142	3
chrX	128355281	3
chrX	128886558	3
chrX	129399971	3
chrX	129925450	0
chrX	130459154	0
chrX	131006238	0
chrX	131541519	0
chrX	132052637	0
chrX	132572757	0
chrX	133083300	0
chrX	133608010	0
chrX	134116884	0
chrX	134713703	0
chrX	135348521	0
chrX	135862591	0
chrX	136386315	0
chrX	136902071	0
chrX	137430790	0
chrX	137950017	0
chrX	138468895	0
chrX	138990969	0
chrX	139527800	0
chrX	140038498	0
chrX	140829544	0
chrX	141355593	0
chrX	141888697	0
chrX	142404628	0
chrX	142923137	0
chrX	143602589	0
chrX	144111091	0
chrX	144626052	0
chrX	145136140	0
chrX	145648978	0
chrX	146186415	0
chrX	146714351	0
chrX	147237422	2
chrX	147764127	2
chrX	148282753	2
chrX	148991812	2
chrX	149594275	2
chrX	150101354	2
chrX	150622670	2
chrX	151142688	2
chrX	151678197	2
chrX	152482852	2
chrX	153040334	2
chrX	153672819	2
chrX	154280484	2
chrX	155270560	2
chrY	3613597	0
chrY	4928444	0
chrY	6464504	0
chrY	7114181	0
chrY	7715123	0
chrY	8249972	0
chrY	8773870	0
chrY	9853226	0
chrY	13601347	0
chrY	14287918	0
chrY	14838599	0
chrY	15384516	0
chrY	15930436	0
chrY	16552911	0
chrY	17092567	0
chrY	17628272	0
chrY	18189539	0
chrY	18934162	0
chrY	19481006	0
chrY	21426518	0
chrY	21966606	0
chrY	22729050	0
chrY	23300405	0
chrY	23986320	0
chrY	59373566	0
